index,question,gold,response,f1,precision,recall,rl
1,热诚传说结局,"[""《热诚传说》动画的结局是百合。""]","动画《热诚传说》结局官方盖章百合，无明显感情线；男主史雷醒来是几年后，女主们没有等到使雷回来，新的导师就是史雷，女性角色都已长大。
若要触发游戏隐藏结局，需通完4神殿，德泽尔在队时打死显主，中途遇到狮子后在大劣势下击败狮子即可。",0.21238938053097342,0.1188118811881188,1.0,0.14159292035398233
2,电脑内存不足3gb 无法安装腾讯手游助手,"[""加内存。"", ""硬盘吧，如果硬盘空间不足，请清理多余的垃圾，不想清理更换大容量硬盘，1TB的硬盘也就300多。"", ""可以用夜神，夜神可以安装。一般升级内存的话需要买硬件。""]","你可以通过以下方式解决：
1. 最直接的方法是升级物理内存，先查看本机内存参数，购买同规格的内存条安装即可；
2. 也可尝试检查虚拟内存设置，将虚拟内存调整为物理内存的2倍，同时确保虚拟内存所在分区有足够空间；
3. 若不想升级硬件，也可以选择使用雷电、夜神等其他对内存要求较低的模拟器。",0.2416107382550335,0.144,0.75,0.1342281879194631
3,visio数据流图怎么画,"[""1首先，建立绘图，新建-选择绘图类型-基本流程图；2添加流程图元素-进程，将图示进程框拖进右侧空白处；3通常进程框显示为蓝色，将其改变为白色，右键选择格式-填充-选择白色；4流程图又一个元素，剪头的处理，单击左侧剪头，拖进空白处，右键格式-线条-选择黑色；5这两个元素是比较基本的，然后就可以通过复制粘贴，得到多个进程框和箭头，这样用方便看成品图。"", ""第一步，画子系统的输入输出，把整个系统视为一个大的加工，然后根据数据系统从哪些外部实体接收数据流，以及系统发送数据流到那些外部实体，就可以画出输入输出图。第二步，画子系统的内部，把顶层图的加工分解成若干个加工，并用数据流将这些加工连接起来，使得顶层图的输入数据经过若干加工处理后，变成顶层图的输出数据流。第三步，画加工的内部把每个加工看作一个小系统，把加工的输入输出数据流看成小系统的输入输出流。第四步，画子加工的分解图对第三步分解出来的DFD图中的每个加工，重复第三步的分解过程，直到图中尚未分解的加工都是足够简单的（即不可再分解）第五步，对数据流图和加工编号对于一个软件系统，其数据流图可能有许多层，每一层又有许多张图。""]","不同版本Visio绘制数据流图的通用步骤如下：
1. 打开Visio，选择对应模板：
   - 2007版：选“软件和数据库”模板下的“数据流模型图”；
   - 2003版：在“文件”-“形状”-“流程图”中找到“数据流图表形状”。
2. 绘制图元：将所需的数据流、流程、接口、数据存储等图元拖到绘图窗口。
3. 编辑图元：双击图元输入对应文字，注意2007版不可编辑“数据存储”图元的文字。
4. 连接图元：依据数据流动关系，用自动连线功能或拖拽数据流连线连接图元，双击连线可输入数据流信息。
5. 布局：选中图元后，通过“形状”菜单的对齐、分布功能调整布局，完成绘制。",0.28735632183908044,0.32051282051282054,0.2604166666666667,0.14942528735632182
4,南通海安是不是很穷,"[""海安属长江三角洲经济区，为上海辐射地带。海安县上世纪80年代即被列为江苏省综合改革试点县和沿海对外经济开放县。机械行业生产规模、加工能力在江苏省县级建制中名列前茅；纺织、丝绸形成织造、印染、成衣一条龙生产线，勾针衣闻名世界，曾被外商誉为“东方珍品”；素质优良，装备先进的建筑队伍遍及全国，走向世界，被誉为“建筑之乡”。2005我县在全国县域经济社会综合发展实力排名中提升45位，位列144，首次进入全国县域经济基本竞争力百强县（市）和中小城市综合实力百强县（市）行列。2005年，全县实现地区生产总值135.1亿元，增长15.8％。工农业总产值502亿元，增长39％。财政总收入12.5亿元，增长27.9％。完成社会固定资产投资88亿元，增长39.7％，，县域经济综合实力明显增强。""]",海安并不穷，它是全国县域经济基本竞争力百强县，在南通属于中等富裕水平，经济产业发达，民生指标表现较好，并非贫困地区。,0.15774647887323942,0.5384615384615384,0.0924092409240924,0.11267605633802817
5,清除cache分区是什么意思,"[""一般指的是清理缓存，以便后面系统更好地运行。""]",清除cache分区就是清除安卓系统缓存分区里的临时文件、各应用程序的缓存等垃圾文件，不会影响个人数据，缓存后续使用时会自动重新生成，清理后可提升系统运行速度。,0.23404255319148937,0.14864864864864866,0.55,0.19148936170212766
6,摄像头打不开,"[""在计算机上右击，选择“管理”：单击“设备管理器”，然后选择图像设备下的摄像头设备，单击上方的“启用”按钮：稍等片刻，即可启用成功。启用成功若不可用，可以尝试重启计算机。"", ""1,现在虽然大部分的电脑摄像头都是免驱动的,但是有一部分其实还是仍然需要驱动支持的,所以如果出现了电脑摄像头打不开的情况,可以先检测一下驱动,右击我的电脑属性2,打开属性后,点击右侧的【设备管理器】,从这里可以看到电脑所有的的硬件设施,并且可以对此进行管理,包括驱动哦!3,打开设备管理器之后,找到摄像头这个硬件,看有没有一个感叹号的标识,如果有的话,就说明摄像头驱动的确没有安装4,如果没有安装的话,你可以在电脑上面安装一个驱动人生,然后对电脑的摄像头驱动进行检测和安装,这样就能解决问题了。""]","1. 启用设备：右击计算机选“管理”，点击“设备管理器”，在图像设备下找到摄像头，点击“启用”，若无效可尝试重启电脑。
2. 排查硬件：确认摄像头供电正常，若连接其他电脑仍无法使用，建议更换摄像头。
3. 修复驱动：若设备管理器中摄像头带感叹号，可安装驱动精灵/驱动人生，升级主板驱动或直接安装摄像头驱动。
4. 第三方修复：打开腾讯电脑管家的电脑诊所，在硬件专区找到摄像头无法使用方案，点击立即修复。
5. Win7系统可按路径找到摄像头程序，创建桌面快捷方式打开，若无法打开右键勾选“预览”。
6. 若为组件或注册表异常，可修复设备组件、图像解码组件及注册表。",0.396551724137931,0.38333333333333336,0.4107142857142857,0.18103448275862066
7,git gitlab github的区别,"[""git是一种版本控制系统，是一个命令，是一种工具；gitlab是一个基于git实现的在线代码仓库软件，可以用gitlab自己搭建一个类似于github一样的系统，一般用于在企业、学校等内部网络搭建git私服；github是一个基于git实现的在线代码仓库，包含一个网站界面，向互联网开放。"", ""Git是一个开源的分布式版本控制系统，用以有效、高速的处理从很小到非常大的项目版本管理。Git 是 Linus Torvalds 为了帮助管理 Linux 内核开发而开发的一个开放源码的版本控制软件。Github 是 一个网站，提供给用户空间创建git仓储，保存用户的一些数据文档或者代码等。GitLab 是一个用于仓库管理系统的开源项目，使用Git作为代码管理工具，并在此基础上搭建起来的web服务。"", ""Git是版本控制系统，Github是在线的基于Git的代码托管服务。Github就是自己的repo(repository的缩写，表示“仓库”)都需要public(公开), 如果想要创建private(私人)的repo, 那得付钱。""]","Git是一款免费、开源的分布式版本控制系统工具；
GitHub是基于Git实现的面向互联网开放的在线代码托管平台，可创建公开仓库，私有仓库需要付费；
GitLab是基于Git实现的在线代码仓库软件，支持免费创建私人仓库，可自行搭建用于企业、学校等内部的git私服。",0.6588235294117648,0.6942148760330579,0.6268656716417911,0.4470588235294118
8,utc时间转换北京时间,"[""时区差东为正，西为负。为此，把东八区时区差记为+0800，UTC +（＋0800）=本地（北京）时间（1），那么，UTC =本地时间（北京时间））-0800（2）。""]",北京时区是东八区，领先UTC8小时，计算公式为：UTC + 8小时 = 北京时间。若计算结果超过24小时，则减去24小时，日期加一天；若北京时间计算UTC则为北京时间减8小时，结果为负时加24小时，日期减一天。,0.410958904109589,0.33707865168539325,0.5263157894736842,0.3287671232876712
9,大阪到京都多久,"[""做大巴的话是1小时40多分钟。"", ""大概15分钟左右。"", ""坐地铁半个小时就到了。""]","选择不同交通方式耗时不同：
1. 新干线：约15分钟；
2. JR新快速：约27分钟；
3. 阪急电铁、近铁、普通JR列车：约40-60分钟；
4. 大巴：不堵车约1小时40分钟，算上堵车约2小时。",0.20454545454545456,0.12162162162162163,0.6428571428571429,0.20454545454545456
10,宫腔镜检查后的危害,"[""宫腔镜检查已经是现在常用的一种检查仪器，主要是用来做子宫腔的观察、诊断，能确定病灶存在的部位、大小、外观和范围，一般不会对身体造成伤害。""]","宫腔镜属于侵入性操作，规范操作一般无危害，操作不当可能引发以下风险：
1. 损伤：宫颈损伤、出血，甚至子宫穿孔；
2. 出血：术后少量阴道出血多可自行恢复，若操作不当可能导致出血较多；
3. 感染：若术后过早同房、盆浴，或术前有炎症未控制、器械消毒不严格，可引发生殖道感染。",0.15028901734104047,0.11607142857142858,0.21311475409836064,0.09248554913294797
11,职员 英文,"[""1. clerk：职员，办事员，事务员：在办公室工作的人员，从事诸如保管档案记录、保持通信联系或归档备案等工作。书记员：保管档案记录及从事法庭或立法机关日常事务的人。2. staff全体雇员：为特定的企事业工作的人员。3. worker工作者：在某一特定职业或活动工作的人。劳工，工人：从事体力或工业劳动的人。4. staff member职员，雇员。5. office staff办公室职员。6. office worker机关工作人员，企事业单位办公室职员。7. corporate personnel公司职员，企业人员。""]",职员常见的英文表达有clerk、staff、staff member、office staff、office worker、employee、corporate personnel、company employee。,0.42902208201892744,0.7157894736842105,0.3063063063063063,0.39116719242902204
12,电蚊拍能电死人吗,"[""虽然电压高，但电流只有10MA所以一般来说都是没事的你要知道，电死人的原因不是电压，而是电流，当心脏流过电流过大时，才会致命""]",正常情况下电蚊拍能量小、电流极低，不会电死人，但会使人感到疼痛、麻痹，产生不适，使用时仍需注意安全。,0.2,0.23255813953488372,0.17543859649122806,0.15999999999999998
13,遮光垫有用吗,"[""用了两年，效果良好，不反光，防止仪表台暴晒，值得购买！"", ""1、黑色是最吸热的颜色；2、大家都知道热量传递是高的传向低的，那么避光垫所吸收的热量是怎么散发的? 很显然，到一定温度，回传向工作台，那么就等于没有必要避光了。工作台本身就是深色，反光小。所以没必要买这个，毫无用处。""]",遮光垫有一定作用，可减少前挡风玻璃反光，避免中控台被阳光直晒导致的老化、烫手，部分产品还能减少夜间灯光折射盲区，但劣质或安装不当的遮光垫可能腐蚀中控台、影响副驾气囊弹出，且多数不具备隔热效果，还可能存在积尘、影响美观的问题，需选购合格的专车专用产品。,0.17307692307692307,0.15789473684210525,0.19148936170212766,0.08653846153846154
14,2016机场吞吐量排名,"[""1、北京首都国际机场（9439.3万人次）；2、上海浦东国际机场（6600.2万人次）；3、广州白云国际机场（5973.2万人次）；4、成都双流国际机场（4603.9万人次）；5、昆明长水国际机场（4198.0万人次）；6、深圳宝安国际机场（4197.5万人次）；7、上海虹桥国际机场（4046.0万人次）；8、西安咸阳国际机场（3699.5万人次）；9、重庆江北国际机场（3588.9万人次）；10、杭州萧山国际机场（3159.5万人次）。""]","2016年中国10大客运机场旅客吞吐量排名为：
1.北京首都国际机场（9439.3万人次）
2.上海浦东国际机场（6600.2万人次）
3.广州白云国际机场（5973.2万人次）
4.成都双流国际机场（4603.9万人次）
5.昆明长水国际机场（4198.0万人次）
6.深圳宝安国际机场（4197.5万人次）
7.上海虹桥国际机场（4046.0万人次）
8.西安咸阳国际机场（3699.5万人次）
9.重庆江北国际机场（3588.9万人次）
10.杭州萧山国际机场（3159.5万人次）

2016年中国10大货运机场货邮吞吐量排名为：
1.上海浦东国际机场（344万吨）
2.北京首都国际机场（194.3万吨）
3.广州白云国际机场（165.2万吨）
4.深圳宝安国际机场（112.6万吨）
5.成都双流国际机场（61.2万吨）
6.",0.7434782608695651,0.5916955017301038,1.0,0.7434782608695651
15,德意和方太哪个好,"[""这两个都是品牌，质量没问题，买任何一个都可以，重要的是，要买哪种类型的。"", ""首先方太和德意都是专门做厨卫家电的老品牌，算起来都有几十年的历史了，非常的不容易，品质和口碑都是非常好的。""]","二者都是做厨卫家电的老品牌，品质口碑都不错，可根据需求选择：
1. 定位：方太主打中高端，产品线侧重侧吸式油烟机，外观设计时尚，操作简单，售后服务稍好；
2. 德意侧重欧式油烟机，主打全直流变频技术，功能设计有新意，性价比更高。",0.3194444444444444,0.24210526315789474,0.46938775510204084,0.23611111111111108
16,紫薯苗哪里卖,"[""北京金辉颗源种子公司。""]",您可以通过阿里巴巴平台批发采购，也可联系嘉祥金薯地瓜种植、山东嘉祥祥城薯业种植专业合作社等供应商购买，还可以查询世界工厂网移动版相关供应信息。,0.051948051948051945,0.029850746268656716,0.2,0.051948051948051945
17,白羊女喜欢一个人的表现,"[""白羊座女生喜欢一个人的表现其实很容易看出来，白羊女生通常表现的比较矛盾，她会故意让自己进入喜欢的人的视线，但表现的不经意，白羊女生喜欢缠着自己喜欢的人，强烈的好奇心使她不知疲倦的关注对方的所有活动，她知道没可能时，每天告诉自己要放弃，但看不到对方时她还是会很不踏实，白羊女生给人感觉很洒脱，似乎放弃只是很容易办到的事情，但内心却是很久很久的煎熬。"", ""她会突然很关心你在不在线，见面时又会故意装得无所谓(其实她很注意你的一举一动)，在线聊天的时候经常断断续续的，比如有的消息很久才回。""]","1. 毫不掩饰爱意，会主动让对方、周围人感知到自己的喜欢，没有暧昧地带；
2. 主动关注对方，时常发消息嘘寒问暖，分享日常，总想着和对方做同一件事；
3. 原本外向活泼的性格会有所收敛，变得温柔小女人，会对对方撒娇；
4. 主动制造相处机会，刻意出现在对方面前，愿意体验对方喜欢的事物，也会邀请对方参与自己的活动；
5. 会为对方做出改变，比如调整穿衣打扮、优化言行，愿意为对方放弃重要的事；
6. 会把好东西分享给对方，对对方格外细心关心，有时会在对方面前故作无所谓，实际很在意对方的举动和看法。",0.30810810810810807,0.2727272727272727,0.35403726708074534,0.14594594594594598
18,上网的危害,"[""1.长时间面对电脑容易使皮肤产生斑点和皱纹，对于爱美的女性来说，这可是一个致命的伤害。2.长时间上网容易引起视觉疲劳，一般来说，如果人每分钟眨眼少于5次。而且持续时间较长，便会使眼睛干燥、疲劳，出现重影、视力模糊以及头颈疼痛等症状。3.迷恋上网的人容易产生电脑依赖症，离开上网就不知所措，找不到事情做甚至心烦意乱。4.迷恋上网的人，都会有熬夜的习惯，特别是那些迷恋网游的人，可以说达到了如痴如醉的地步。既影响正常的生活同时对身体的伤害也极大。特别是长期熬夜会使人体质变差和生物钟紊乱，最严重可导致休克或死亡。5.网络信息复杂，涉黄涉赌等各种负面信息铺天盖地，对于自控力差或未成年的人的心里容易产生不利影响。6.网络是一个很大社交场所，上面的人形形色色，鱼龙混杂，容易上当受骗。"", ""1.使自控能力差的同学沉溺网中，不能自拔，花费大量时间上网，从而影响学习成绩。2.网络良莠并存,容易接触不良网页，如色情、暴力等。又因为中学生常常容易受人影响、自控能力差、分辨能力弱，常常会因为网上不良内容而走上犯罪道路。3.长时间上网容易造成大脑缺氧，从而造成精神萎靡、眼睛长期处于紧张状态容易造成近视。4.一些长期长时间上网的学生容易产生孤独症，整天沉溺于幻想中脱离现实，而真正面对社会和人群的时候，就会因为想像和距离的问题产生退缩感，不敢正常与人沟通。5.许多中学生因为打一些暴力游戏使自己模糊了真人与游戏对象的区别，常常无意识地模仿游戏来对待身边的人。6.长期上网需要大量金钱，没有钱的时候，自控能力弱的人会采取违法的方式，不择手段地获取金钱从而走上犯罪道路。7.网吧这些上网的地方往往是无业游民、瘾君子、罪犯的藏匿地点，在这些地方逗留时间太久往往会出意外，或受人引诱。"", ""1.长时间上网容易引起食欲不振。2.长时间上网容易导致颈椎病。3.长时间上网容易影响人际关系。4.长时间上网容易增加开销。5.长时间上网辐射多。6.长时间上网还容易引起心理疾病。7.长时间上网危害视力。""]","### 生理危害
1. 损伤皮肤：易产生斑点、皱纹，电脑辐射可能影响胎儿发育；
2. 损害视力：引发视觉疲劳，出现眼干、视力模糊、近视等问题；
3. 引发躯体不适：导致肩颈腕酸胀、腰背疼痛、头痛、颈椎病、肩周炎、食欲不振，还可能诱发深静脉血栓、上肢紊乱症等；
4. 影响作息：造成生物钟紊乱、体质下降，严重时可致休克或死亡，青少年睡前上网还会引发失眠、学习困难。

### 心理与行为危害
1. 产生网络依赖、网络成瘾，脱离现实，引发社交退缩、孤独症，影响口头表达能力和现实人际交往；
2. 接触不良信息易诱发犯罪，模仿暴力游戏内容伤害他人，或为筹措上网费用实施违法活动；
3. 诱发心理问题：如健康焦虑症、孟乔森综合症、社交网站抑郁症等。

### 其他危害
无节制上网会影响学生学习成绩，还容易受网络消费诱导，产生不必要的开支。",0.41216216216216217,0.4236111111111111,0.40131578947368424,0.1925675675675676
19,择天记共有多少集,"[""52集。""]",关于《择天记》的集数存在不同说法，其中明确标注播出的电视剧版官方集数为52集。,0.15789473684210528,0.08571428571428572,1.0,0.15789473684210528
20,身份证有效期查询,"[""1、二代身份证有效期，可以直接查看身份证背面下方的：有效期限。2、可以根据自己的年龄大致估算：；根据《中华人民共和国居民身份证法》第五条：十六周岁以上公民的居民身份证的有效期为十年、二十年、长期。十六周岁至二十五周岁的，发给有效期十年的居民身份证；二十六周岁至四十五周岁的，发给有效期二十年的居民身份证；四十六周岁以上的，发给长期有效的居民身份证。未满十六周岁的公民，自愿申请领取居民身份证的，发给有效期五年的居民身份证。3、公民个人身份证的信息，目前只有公安机关可以直接查询。因为现在公民身份证的信息虽然已经在公安系统内部进行了全国联网，但不对外公开。只可以去派出所的户籍窗口进行查询。""]","1. 本人二代身份证可直接查看证件背面下方的有效期限；也可根据年龄估算：未满16周岁自愿申领的有效期5年，16-25周岁有效期10年，26-45周岁有效期20年，46周岁以上为长期有效。
2. 如需查询他人身份证有效期，仅可到公安机关查询，互联网不支持公开查询。",0.4461942257217848,0.7391304347826086,0.31954887218045114,0.3884514435695538
21,鼻子周围红红的,"[""就是皮肤对冷热比较敏感。"", ""可能是酒糟鼻早期，运动、饮食过热的食物或喝酒后后红斑可能加剧。"", ""脂溢性皮炎 。""]","鼻子周围红红的常见原因有脂溢性皮炎、玫瑰痤疮（酒糟鼻）、内火炽盛、过敏、皮肤冷热敏感、鼻炎、黑头相关刺激等。
可先明确病因再对症处理：日常注意局部清洁，用温水、弱碱性香皂清洗，避免用手挤黑头、大力擦患处；饮食清淡，少吃甜食、辛辣、高脂、海鲜类食物，多吃蔬果、多饮水，保持良好胃肠功能；注意皮肤保湿抗敏，避免冷热刺激、暴晒，可适当涂抹芦荟胶，若为螨虫感染或酒糟鼻需遵医嘱用药，规律作息避免内分泌紊乱。",0.16243654822335024,0.09467455621301775,0.5714285714285714,0.09137055837563453
22,浦发信用卡怎么查额度,"[""1、下载浦发银行手机银行到手机上，并安装。2、打开浦发银行手机银行，输入申请信用卡时填写的手机号，然后输入查询密码，不论是否开卡是否设置查询密码，这个地方只能输入888888进入激活。3、然后输入手机收到验证码，即可成功登录手机银行。在手机银行首页就会显示该信用卡的额度和取现额度。"", ""收到浦发银行已邮寄卡片的通知后，可以注册手机银行，然后查询信用卡额度。"", ""手机下载app浦发个人银行，输入身份证手机号就可以，前提是已批卡。""]","浦发信用卡查额度方式如下：
1. **手机银行查询**：下载浦发手机银行APP，输入申请时的手机号，用默认查询密码888888登录，输入验证码后即可在首页查看，批卡后即可使用该方式。
2. **电话查询**：拨打24小时客服热线400-820-8788，按语音提示输入证件号码后转2查询。
3. **网银查询**：已开通网银的用户可登录网银，在信用卡账户明细中查询。
4. **对账单查询**：通过每期信用卡对账单查看可用额度。
5. **微信查询**：绑定浦发信用卡官方微信，使用默认密码888888即可查询。",0.4620060790273556,0.3781094527363184,0.59375,0.28571428571428575
23,辐射避难所怎么刷箱子,"[""1.开局建好水电餐，宿舍。拉5S进电，加速，第一个到手。失败的话再试一次，还失败?重来吧，非洲人别玩了，实在不想重来就把人分配错，高s去水厂什么的，然后加速吧。总之不要完成2个正确分配这任务。2.把探索废土任务X了，任务左上有个小叉，这时候加速任务又出来了，加速。3.这时候会有升级和50水任务，如果差一个，完成正确分配2人，就会出来，这阶段完成50水和升级前，别完成50食物任务。4.拿到4盒子，这时候有3任务，穿武器和卖武器，还有50食物，先开箱子完成穿，卖的任务，最后完成50食物，会出现穿装备送以箱子任务，完成就5箱子了。"", ""1、把时间自动设置功能关了，然后把时间往回调七八个月应该够用了。2、时间往回调后，进入游戏重新建号。3、进入游戏，看任务信息，新手任务都很容易完成而且比较多任务会奖励箱子，如成功启动一次极速模式奖励一个箱子简单。4、利用调时间重置任务这个功能，把不想做的任务删掉就会重新刷一个任务出来，不断的刷收集水这样的任务箱子就源源不断出来了。"", ""开局随便做任务，可以领取3个箱子。当出现“出售一个武器或装备”之后，其他的任务尽量别做，否则容易无法触发下面的循环。放弃掉“出售一个武器或装备”，出现就放弃。放弃以后会刷出来3个任务，2个可以得到箱子（一个是收集50水，一个是升级一个小人），还有50食物的得到25瓶盖（也要做掉不能放弃）。然后循环好了，刷个20多个就可以开心的玩了。""]","辐射避难所刷箱子有以下几种方式：
1. 开局必5箱：建好水电餐、宿舍后，安排高S属性人物到发电站，加速完成第一个任务得箱子；关闭探索废土任务，再做加速任务得第二个；完成50水、升级人物任务得第三、第四个；先完成穿、卖武器任务，最后完成50食物任务，触发穿装备任务得第五个。
2. 循环刷箱：提前关闭系统时间自动设置，将时间往回调7-8个月后重建账号；出现“出售一个武器或装备”任务就放弃，会刷新出收集50水、升级小人两个得箱子的任务和50食物得瓶盖的任务，完成后循环操作即可，刷出的武器装备不要使用或售卖，避免无法继续刷任务。
3. 改变开箱内容：开箱子前存档，若开出的物品不满意，读档后进行打怪等操作消耗随机数，再开箱子即可更改产出内容。",0.4941176470588235,0.4483985765124555,0.5502183406113537,0.2627450980392157
24,神器圣物怎么获得,"[""任务获得，副本掉落，野外掉落。""]","神器圣物分两类，获取方式如下：
1. 魔兽世界神器圣物：①通过锻造、工程学等专业制造；②副本（5人本、团本、大秘境）首领掉落；③完成世界任务或开启世界任务宝箱获得；④世界怪物或世界小包厢几率掉落；⑤任务奖励。
2. DNF圣物装备：在赛丽亚商店购买传承装备圣物转换书，使用后将传承装备升级为圣物装备。",0.14285714285714285,0.078125,0.8333333333333334,0.1
25,奇怪的大冒险攻略,"[""1-1开头会碰到一个问号，不能顶。然后在跳跃处有一个隐藏的箱子，顶出后跳到箱子上，然后直接走下去即可。不要跳过去。然后可以看到一把钥匙，同样不能吃。地上的草也是不能走。然后看到地上有一个储存点，先将进度储存了。随后可以看到两个烟囱，此时依旧是不能跳下去。接着在左边烟囱处可以发现一个箱子，顶出来后站在上面。然后跳到对面的烟囱处，再二段跳跳到对面，因为这里会有飞弹飞出，所以不要进行停留。然后一路跳到女神身边即可，同样不要进行滞留。""]","### 全游戏相关说明
《奇怪的大冒险》是主打虐心玩法的动作解谜游戏，关卡设计奇葩，注意不要轻信游戏内的提示，遇到死法时跳出常规思路尝试即可。
### 具体关卡攻略
1. **1-3关**：该关卡要求8秒内击杀25个敌人，常规操作无法完成，需要先移动到最右边的时钟下方，反复击打时钟直到其停止计时，之后再攻击敌人即可轻松通关。
2. 其余全关卡的图文通关攻略可在游戏堡、搞趣攻略频道、4399游戏专区等平台查询对应内容。",0.17438692098092642,0.1839080459770115,0.16580310880829016,0.08719346049046321
26,excel中输入身份证后面都变成0,"[""原因：excel单元格只能默认保存15位数值，如超出将以0的方式呈现。解决方法：1、在输入身份证时，在前面打一个英文的“ ' ”号。2、选中要输入身份证号码的单元格，点击“常规”后的三角，选择“文本”，以后再输入超过15位以上的数值，就会正常显示了。""]","原因是Excel单元格默认仅能保存15位数值，超出15位的部分会以0呈现。
解决方法：
1. 输入身份证前，先输入一个英文状态下的单引号“'”，再输入号码即可；
2. 先选中要输入身份证的单元格，将其数字格式设置为“文本”，之后再输入身份证号码。",0.7069767441860465,0.7169811320754716,0.6972477064220184,0.6046511627906976
27,财务管理和会计的区别,"[""财务管理跟会计是两个专业，简单的说，会计是管钱的，财务管理是管会计的，财务管理专业其实跟会计专业差不多，一般就是比会计专业多学了高级财务管理、财务分析等有限的几门课程，除了数学等基础课外，财务管理专业学的有财务方面的，也有管理方面的，还有国际贸易类的一些课程，财务管理专业主要讲的内容应该侧重财务分析，对公司的财务状况进行分析，对企业今后的经营战略提出建议，同时参与企业的管理工作。""]","1. 工作内容不同：会计重在“算”，主要是事后核算，对已发生的经济业务进行记录、做账、编制报表；财务管理侧重财务分析，基于会计数据对企业财务状况进行研判，参与经营管理、提出战略决策建议，以资金管理为中心。
2. 学习侧重不同：财务管理专业比会计专业多学高级财务管理、财务分析等课程，除财务知识外还涉及管理、国际贸易类内容；会计专业更侧重会计实操，对会计相关内容的学习更详细具体。
3. 就业发展有差异：会计专业侧重实操技能，经验越丰富越吃香；财务管理专业更偏向统筹管理，相对升职速度更快。",0.5912596401028278,0.539906103286385,0.6534090909090909,0.3033419023136247
28,lol皮肤颜色在哪里买,"[""1、首先，登陆游戏，点击商城。2、点击“道具包”，即可看到具有炫彩皮肤的英雄了。3、选择需要购买的英雄炫彩皮肤。4、购买成功后，选择英雄后，点击皮肤，即可选择炫彩皮肤。"", ""登录客户端，找到商店，点进去；选择道具包，就可以看到炫彩礼包；搜索相关英雄，找到相应需要购买的炫彩皮肤；点击购买，选择使用点券或金币购买；如果没有点券，先去充值，之后再购买即可。""]","可通过以下途径购买：
1. 登录游戏客户端进入商城，点击“道具包”，选择需要的英雄炫彩皮肤使用点券购买；
2. 参与官方限时活动，在活动页面使用折扣Q币或金币购买；
3. 可在腾讯道聚城购买相应炫彩皮肤包。
*注：需先拥有对应英雄/原皮肤才能购买其炫彩皮肤。",0.5280898876404494,0.4351851851851852,0.6714285714285714,0.38202247191011235
29,本科毕业论文答辩流程,"[""学生走上讲台，做自我阐述。阐述的主要内容包括自我介绍、论文选题原因和论文的主要内容等，时间大约2—3分钟；答辩老师提问，学生回答。  一般对每个学生提三个问题，指导老师对自己指导的学生只能提一个问题，对其他学生可提两个问题。如果老师对学生回答不满意，可以追问，追问与之前提的问题合并算一个问题。  老师提问之后，学生可以下去准备，其他同学继续上台做自我阐述，大约三个同学做自我阐述（大约十分钟）之后，之前被提问的同学可上台回答老师提出的问题。学生也可以选择立即回答。帮忙做答辩记录的同学请做好问答记录；答辩前后都要记得向答辩老师和在场的同学致意和表示感谢。""]","本科毕业论文答辩流程如下：
1. 答辩前准备：准备至少3份纸质版论文定稿交给答辩老师，提前准备答辩记录表，找同组同学帮忙做答辩记录，提前梳理选题原因、论文结构、核心观点等相关问题，部分院校需准备答辩PPT并撰写答辩辞提前演练。
2. 现场答辩：学生按顺序上台做2-3分钟自我阐述，内容包括自我介绍、论文题目、选题意义、论文核心内容、结论等，部分院校要求PPT汇报时间约6分钟；阐述结束后回答答辩老师提问，部分院校提问环节约4-5分钟。
3. 答辩结束：学生及时誊写答辩记录表，等待答辩结果。",0.41900647948164144,0.45754716981132076,0.38645418326693226,0.2203023758099352
30,加坦杰厄怪兽排名第几,"[""Top7.加坦杰厄(黑暗的支配者)。""]","在不同的榜单中加坦杰厄的排名有所不同：
1. 文章1的十大怪兽排行中位列第7；
2. 文章3的前十名怪兽排行榜中位列第7。",0.18181818181818182,0.11538461538461539,0.42857142857142855,0.15151515151515152
31,zec是什么币,"[""Zcash是一种新的加密货币，其正式上线时间是在2016年10月28日。Zcash项目fork了bitcoin core 0.11版本的代码库，但与比特币和以太坊的最大不同在于，其增加了完全匿名的交易功能。因而，Zcash被誉为“无法跟踪的”。""]",ZEC是Zcash的代币，它是基于比特币代码修改开发的去中心化开源加密货币，采用零知识证明技术实现完全匿名交易，发行模式与比特币相似，约每4年产量减半，最大供应量为2100万。,0.3917525773195876,0.4634146341463415,0.3392857142857143,0.22680412371134023
32,南京志高空调售后维修电话,"[""400-6687-817；4000-994-633。"", ""040--0889-6615；400--897-9008。"", ""400-167-6796。""]","现有文章中列出的南京志高空调售后维修电话有多个，分别为：
400-6687-817、4000-994-633；
040-0889-6615、400-897-9008；
400-8765819；
400-167-6796；
025-8332-1152。
建议通过官方正规渠道核实正确的服务电话。",0.0,0.0,0.0,0.0
33,周线选股技巧,"[""技巧一：懂得去关注股价是否创历史新低。选股的时候，在研究某股基本面没有问题之后，就得看这只股的股价是否创出新低，因为很多个股的转机都是在创历史新低以后出现的。技巧二：学会关注股价的累计涨幅。对于累计上涨幅度超过50%的个股应谨慎介入。技巧三：高点放量。注意此处的高点不是指股价的最高点，而是累计上涨幅度超过40%以后的价位。当股价累计上涨幅度超过40%后出现放量，特别是后量超前量的现象出现，应减仓或退出观察。如果股价在历史最高点的周换手率不超过20%，此时风险极大，应尽快出逃。技巧四：5周均线为重要指标。如果某股在高点放量后，其后为两连阴，并跌破5周均线，则后市走势将进入持续下跌，此时应坚决退出。而当某股放量穿过5周均线并站稳两周时，则持续上涨的可能性非常大，此时可积极介入。"", ""一、十周线判断股票走势，1、十周均线向下趋势的股票，不应该买入。2、十周均线向上趋势的股票，可在十周均线附近买入。二、周线平台突破买入技巧，1、突破长期震荡或盘整的高点买入。2、macd指标背离且突破零轴，最好是绿柱消耗完出现红柱，这是最佳的买入时机。"", ""周线选股技巧必须要把握三个要点，一是：成交量越低越好，二是：近60天的涨幅越低越好，三是：均线未下穿10日线，或20日线，把握三个参数要配合行动，同时还要配合，日线放量综合运用。""]","周线选股可参考以下要点：
1. **核心参考指标**：关注周线与日线指标共振（如周线、日线KDJ共同金叉）、周线二次金叉、周线阻力与支撑（如60周均线突破情况）、周线指标背离；周线MACD金叉，5周均线站稳两周，突破并站稳60周均线。
2. **选股筛选条件**：优先选基本面无问题且创历史新低的个股，累计涨幅超50%的个股谨慎介入；累计涨幅超40%后放量需减仓，历史最高点周换手率超20%尽快出逃。
3. **特殊形态**：周线均线密集缠绕且多头排列、乖离小，五周线金叉十周线，60周线金叉120周线，30周线走平或微翘，周线K线首次放量；也可筛选周K线长期横盘后突破平台的个股，小盘、有利好/热点加持的个股爆发力更强。
4. **操作建议**：优先选择周线状态安全的标的，再结合日线量价关系，逢低买入。",0.3724832214765101,0.3854166666666667,0.36038961038961037,0.24161073825503357
34,91年属什么生肖,"[""1991年是农历辛未年，也就是羊年。那么，这年出生的人属相为羊。第一种：按每年“立春”进行划分，阳历(公历)时间：1990年2月4日10时28分至1991年2月4日16时17分 农历庚午年(马年，此时出生为属马)，1991年2月4日16时17分至1992年2月4日21时54分 农历辛未年(羊年，此时出生为属羊)。第二种：按每年“初一(春节)”进行划分，阳历(公历)时间：1991年1月1日-1991年2月14日 农历庚午年(马年)，1991年1月15日-1991年12月31日 农历辛未年(羊年)。""]",1991年是农历辛未年，属相为羊；按立春划分，1991年2月4日16时17分前出生属马，之后出生属羊。,0.33076923076923076,0.9347826086956522,0.20093457943925233,0.33076923076923076
35,城建税的计税依据,"[""城建税的计税依据是：增值税、营业税、消费税。""]",城建税的计税依据是纳税人实际缴纳的消费税、增值税、营业税税额。,0.782608695652174,0.6428571428571429,1.0,0.6956521739130435
36,肺火旺长痘怎么办,"[""1）可以吃排毒养颜胶囊或者芦荟胶囊，或者喝蜂蜜水。2）同时多运动、以面部出汗为好、使皮肤从内向外排毒，多喝水，多吃蔬菜水果，少吃辛辣和油腻食品。3）保持每晚11点前入睡、最好是9.30分就寝。4)皮肤清洁。要经常用温水洗脸，保持毛孔畅通，还有就是脸一定要清洗干净，早晚各一次，不能忽略了早上的洗脸，洗完脸后再涂爽肤水，5)严格限制一下油腻的食品，在主食中多吃大箩卜、葫箩卜、红薯、玉米、窝瓜一类的，特别是煮熟葫箩卜当主食多吃，把肠道清理好，也不用灌肠清毒。"", ""吃点清肺火的食物，不要熬夜，饮食清淡，多喝水。""]","1. 饮食调理：多吃清肺火、清淡凉性的食物，如罗汉果猪肺汤、冰糖炖梨、白萝卜、银耳、百合、菊花、苦瓜、枇杷等，多喝水，可喝蜂蜜水，少吃辛辣、油腻、温燥、易过敏食物，忌烟酒。
2. 作息调节：规律作息，避免熬夜，尽量每晚11点前入睡，保证充足睡眠。
3. 排毒护理：可适当服用排毒养颜胶囊、芦荟胶囊、黄连上清片等帮助排毒，同时多运动促进出汗排毒，注意面部清洁，用温水早晚洗脸，保持毛孔通畅，洗完涂爽肤水，长期面对电脑注意涂隔离，不要用手挤痘痘避免留印。
4. 医学干预：可通过中药调理，或者采用背部阳性点、耳尖放血的方法，症状严重建议就医辨证治疗。",0.45346062052505964,0.4260089686098655,0.4846938775510204,0.20525059665871123
37,福睿斯怎么样,"[""优点：配置体现了性价比，没花那么多的钱也就没那么高的奢求。缺点：天线难看，后视镜小，排气管刚喉太蠢。综述：耐看，内部宽敞，油耗低，性价比高，起步动力好。"", ""优点：5速手动变速箱，排档头手感不错，正常行驶中，吸入感差一些，换挡行程不是很长大灯控制，前后标配雾灯且大灯高度可调，点赞。缺点：空调系统，手动，足够用了，简单清晰，底部是储物格，里面有点烟器和AUX接口，还有中控门锁按键，这个我就要吐槽了，很不应该的设计，锁车以后，行驶过程中，仍然可以开门！！！！一向注重安全的福特这点太差了。综述：多功能行车电脑，可以看瞬时油耗，平均油耗，里程小计，续航里程，平均时速。"", ""优点：方向盘手感很好，没有虚位感，速度慢的时候很轻盈，快的时候就变成了稳重感，这点很满意。缺点：到处都是这个粗劣的做工，如果对内饰要求较高的童鞋，还是另选其他车型。综述：性价比 怎么说呢，看你怎么看拉。我觉得性价比还好，对比同等价位的别的车，我觉得福睿斯不错。""]",福睿斯厂商指导价9.68-12.23万，用户评分在4.0-4.3分左右，整体评价较好，优点是外观时尚、空间宽敞、操控性佳、性价比高、配置厚道，部分用户认为其油耗较低；缺点是部分车主反馈油耗偏高、发动机噪音大、内饰做工粗糙、天线和排气管设计不合理、行驶中锁车后仍可开门存在安全隐患。其2-12个月百车故障数为225，故障主要集中在行驶过程、发动机、变速系统等方面。,0.31707317073170727,0.3333333333333333,0.3023255813953488,0.14024390243902438
38,定增发行首日指哪一天,"[""按照规定，上市公司定向增发时的股票发行价格，不能低于定价基准日前20格交易日公司公司股票均价的90%。上市公司可以在三个日期中任选一个作为定价基准日，分别是董事会决议公告日、股东大会决议公告日和发行期的首日。"", ""根据中国证监会相关规定，公司目前无法确认发行对象，即发行期首日是择机确定，公司目前无法确认发行期首日是哪一天。""]",定向增发发行期首日是定向增发股票所确定的发行期的第一天，该日期由上市公司在取得证监会核准后6个月内择机确定，在正式确定前无法提前明确具体日期。,0.4873949579831932,0.4264705882352941,0.5686274509803921,0.28571428571428575
39,杨童舒漂亮吗,"[""她应该是在家里相夫教子，而且还非常尽力地在做慈善，人美心更美。""]",杨童舒是漂亮的，她外形清纯柔美，二十出头时更是被夸赞貌美如仙女，其在《太平天国》《至尊红颜》等影视作品里的扮相也广受认可。,0.19753086419753085,0.1509433962264151,0.2857142857142857,0.1234567901234568
40,dnf提高npc好感度有什么用,"[""好感度系统使用条件与道具-20级以上的角色才能够给NPC赠送礼物。"", ""1、副职材料。目前国服刷图只能掉“魔力提取剂”，其他的东西只能用贿赂NPC了·····2、BUFF。在你和某些NPC的好感度达到“信赖”时，在保持信赖好感度的期间内，在城里可以随机获得BUFF和NPC信赖称号的合成图等。附：BUFF大全1、奥尔卡BUFF效果：力量+200至3002、卡妮娜BUFF效果：+智力200至3003、歌兰蒂斯BUFF效果：HP/MP回复各加1634、阿尔伯特BUFF效果：力量智力各加100-200达到信赖度之后可获得“生命的气息”具体作用暂时不知道5、敏泰BUFF效果：物理魔法暴击各加40%命中回避加1%6、赛丽亚BUFF效果：力量智力各加100推荐敏泰，loli是一定要拐的···物魔爆+40啊·····再附：各NPC喜欢的东西。"", ""基本没什么用，60级版本的时候会送一些副职业材料，那时候就靠副职业维持游戏生涯，现在没什么用，不过提升对凯丽的好感度，上12的几率会大点""]","1. 与NPC达成最高好感度时，可开启NPC时装染色功能，通关地下城时好感度最高的NPC会随机乱入，路过该NPC时会弹出特殊对话。
2. NPC会回馈副职业所需材料，好感度越高，回馈的材料越高级，例如达芙妮会赠送金色晶体。
3. 与部分NPC好感度达到信赖时，在城里可随机获得对应增益BUFF、NPC信赖称号合成图等道具。",0.2979683972911964,0.4647887323943662,0.21926910299003322,0.19413092550790068
41,四季豆炒肉的做法,"[""四季豆去筋掰成段，锅中水烧开，倒入切好的四季豆焯水一下。焯个2到3分钟捞起来，四季豆不太容易熟，最好焯一下水。把肉切成肉片备用。锅中底油，油热放葱段，花椒爆香一下，倒入肉片煸炒开至肉肉片发白，少滴几点料酒和酱油。倒入焯过水的四季豆，加入适量盐、辣椒大火炒个3-4分钟即可。出锅前加点鸡精就可以了。"", ""备齐所用原料，洗净，四季豆切丝，瘦肉切片，蒜切片。瘦肉用淀粉和生抽拌匀腌制。锅里放少量油下四季豆炒熟。盛出备用。另起锅下油爆香蒜片，下肉片快速划散。肉片变色时下炒好的四季豆丝，放盐，炒匀出锅。"", ""四季豆切斜片，瘦肉切片，油锅烧热，下入肉丝炒香，放入四季豆，炒至变色，放盐，炒均匀，放入少许水，烧至收汁即可。""]","1. 四季豆去筋掰成段，放入开水中焯水2-3分钟后捞出；
2. 锅中倒油烧热，放入葱段、花椒爆香，倒入肉片煸炒至发白，加少许料酒和酱油；
3. 倒入焯好的四季豆翻炒至熟透，调味即可。

也有简易做法：四季豆切斜片，瘦肉切片，油锅烧热后下肉丝炒香，放入四季豆炒至变色，加盐翻炒均匀，加少许水烧至收汁即可。
注意四季豆一定要完全熟透再食用。",0.6296296296296297,0.6115107913669064,0.648854961832061,0.4074074074074074
42,女生裸睡需要穿内裤吗,"[""裸睡是一件有益于健康的事情，但是很多女人是一丝不挂，内裤也不穿就睡，这样做会让细菌有机可趁，增加患妇科疾病的风险。"", ""什么都别穿，那样透气好，不会感染细菌。""]","关于女生裸睡是否需要穿内裤没有统一标准，可根据个人情况选择：
1. 若追求裸睡的舒适感，且床上用品清洁、天气干爽，非经期前后，可选择不穿，更透气。
2. 若床上用品更换不频繁，或家中有人患有脚癣等皮肤病，或处于经期前后，或夏季/初秋气候湿热时，建议穿着，可降低感染妇科疾病的风险。",0.30409356725146197,0.2184873949579832,0.5,0.1871345029239766
43,div距离顶部距离,"[""在没有定义position的情况下top是不起作用的，解决这个问题可以加个position:relative;(但是不能用position:absolute或者position:fixed，因为那样会使margin:0 auto;的居中效果失效)，不过不推荐这种方法。去掉top:35px;把margin:0 auto;改为margin:35px auto auto auto;（四个值的方向依次为上右下左）更好。""]","如果是div内文字距离div顶部15px，可设置该div的`padding-top:15px`，或给内部文字元素设置`margin-top:15px`；如果是div块距离页面顶端有距离，可设置`margin-top`对应数值即可；若要获取div距离浏览器顶部的高度，JS可用`document.getElementById(""DIV的ID"").offsetTop`，JQ可用`$(""#元素ID"").offset().top`。",0.47323943661971835,0.4827586206896552,0.46408839779005523,0.23098591549295774
44,苹果手机wifi密码怎么查看,"[""如果没有越狱，在app store下个wifi passwords，手机连过的wifi全部看得到密码。"", ""第一步：点击桌面“Cydia”图标软件。第二步：搜索“wifi passwords”插件下载安装。第三步：安装完毕后，在桌面点击软件打开，即可看到连接过的wifi密码。"", ""如果路由器用户不改路由器，打开浏览器，在域名栏输入192.168.1.1，登陆画面的账号是admin，密码admin，然后进入到路由器设置，无线设置，下拉菜单有个无线安全设置。就能看到密码了。""]","你可以通过以下几种方式查看：
1. 未越狱：可在App Store下载wifi passwords查看。
2. 已越狱：在Cydia中搜索安装wifi passwords插件，打开后即可查看。
3. 若要查看当前连接的路由器密码：用手机自带浏览器输入192.168.1.1，使用默认账号密码admin登录（前提是主人未修改），进入无线安全设置即可查看。
4. 查看WiFi万能钥匙连接过的密码：下载使用wifi万能钥匙密码查看器即可查看。",0.37638376383763833,0.2727272727272727,0.6071428571428571,0.2730627306273063
45,不吃晚饭减肥有用吗,"[""不吃晚饭是可以减肥的，但效果并不是很明显，而且反弹也很厉害，长时间的饿肚子，也会使胃不堪重负而产生病变。"", ""不能。减肥不是靠快的，减的快胖的也很快，一定要找一个适合自己的，又比较容易坚持的办法，才是最好的减肥办法，不知不觉你会变瘦而且不容易反弹。我告诉你我一直坚持的方法：少吃多运动，不要懒惰，因为懒惰是直接导致肥胖的原因之一。""]",不吃晚饭短期内有一定减肥效果，但效果不明显，反弹严重，还易引发胃病、营养不良等健康问题，不建议使用该方法，减肥期间建议食用低热量高纤维的清淡晚餐，搭配合理运动效果更佳。,0.34146341463414637,0.27631578947368424,0.44680851063829785,0.26016260162601623
46,kindle使用技巧,"[""同时用两个手指触摸相对的角（顶部和底部），即左上角和右下角或者右上角和左下角。如果做正确，你应该看到屏幕闪烁，知道已经截图成功。屏幕截图存储在设备的根文件夹中，因此需要通过USB将其连接到计算机以获取截图。读书时，把两根手指放在Kindle屏幕上，放大/缩小就像在手机上做的一样。"", ""书套，有必要选购，以便为小K提供更安全的保障。买书套最主要是保护脆弱的Kindle屏幕，就结实度来说，K4比K Touch更需要呵护，此外，为了更美观，或者特定的目的也是选购的原因（比如带支架的书套无疑按一定角度摆着，抄写东西会方便些）。USB模式：把Kindle接到电脑，而后将电子书存放到Kindle对应的移动磁盘中的Document文件夹下即可。"", ""通过Kindle公众号在kindle上阅读微信的长篇文章：关注亚马逊Kindle服务号，回复『绑定Kindle电子邮件地址』至亚马逊Kindle服务号，回复『绑定xxx@kindle.cn』，绑定Kindle电子邮件地址。该邮箱是Kindle关联的唯一邮箱，可以在Kindle设备的『设置-->设备选项-->个性化Kindle』页面底部『【发送至Kindle】电子邮件地址』下看到；登录亚马逊中国官网，在【我的账户】-->【管理我的内容和设备】，选择【我的设备】选项卡，也可以看到Kindle电子邮箱地址。""]","1. 截屏：同时按下左上角和右下角，或右上角和左下角，截图可在Kindle根目录找到。
2. 整理主页：合理使用收藏夹功能，可建立月份书单让主页更整洁。
3. 传书：可通过USB磁盘、邮箱、关注亚马逊Kindle服务号绑定账号后推送微信文章/对话；发送PDF到Kindle时邮件主题写convert，系统会自动转换为适配格式。
4. 书摘管理：可使用Kindle Mate、Clippings.io导出整理标注，也可直接复制myclippings.txt文件管理。
5. 格式管理：用Calibre可转换电子书格式、整理资源建立个人电子图书馆；安装KOReader可实现PDF重排、调整对比度等功能。
6. 阅读拓展：可用Readcola、kindle4rss、狗耳朵等工具制作/订阅RSS，将公众号、知乎内容等推送到Kindle阅读。
7. 其他：关闭页面刷新可减轻电子墨水屏闪屏程度；亚马逊书城每日零点更新当日特价书、每周六24点更新周特价书、每月1号零点更新月特价书，可按需选购。",0.40400667779632715,0.3151041666666667,0.5627906976744186,0.24040066777963276
47,眼部按摩器副作用,"[""眼部按摩器只要是正规厂家生产，使用方法得当，是没有什么副作用的。""]",正常操作、使用正规厂家生产的眼部按摩器一般无副作用；若用于矫正或治疗近视，长期使用反而会使视力越来越差，此外患有视网膜脱落、青光眼的人群不能使用。,0.37500000000000006,0.26865671641791045,0.6206896551724138,0.20833333333333331
48,阿里云怎么解析域名,"[""进入官网后点击用户名，弹出下拉框，选择产品管理。进入产品管理后，在左侧有栏目显示，找到域名栏目，点击进去。然后会显示出你购买的域名，在域名的右侧最边有续费、解析、管理，我们直接点击解析就可以。进入域名解析后台，由于我们在后台是第一次解析，所以多了一个步骤，如果你有他们产品的服务的就直接设置就可以了。如果你是其他服务商主机或者服务器，点击上面的高级设置，进行下一步。点击添加解析，记录类型这个根据你主机来设置的，如果你是IP地址就直接选择A；如果对方主机是一个域名直接选择CNAME;主机记录是填写你的域名前缀，如www或wap等等；线路默认；记录值填写你的IP地址或主机域名；点击保存就可以了。6预计等待一分钟解析完成，然后就可以用自己的域名访问自己的网站了。"", ""1登陆域名管理平台，管理控制台，域名，对应的域名点击解析。2红框内填“www”，记录值 填写要解析到的IP，点击“保存”。3等待一会（一般不用等）就会生效。""]","1. 登录阿里云官网账户，点击用户名下拉框选择产品管理；
2. 在产品管理页面左侧找到域名栏目点击进入，找到要解析的域名，点击右侧的“解析”；
3. 若首次解析，使用其他服务商主机/服务器可点击高级设置，点击添加解析；
4. 记录类型根据主机选择（IP选A，主机域名选CNAME），填写主机记录、记录值，其他默认，点击保存，等待约1分钟即可生效。",0.5258426966292136,0.8125,0.38870431893687707,0.4539325842696629
49,mback是什么,"[""魅族mBack是Android智能手机的交互方式，于魅族在2015年6月2日在魅蓝Note2发布会上发布，基于全新腰圆按键设计语言的mBack物理Home键，可以实现轻触返回，按压回到桌面，将轻重有别的操作融合，这才是mBack。据国家知识产权局的最新专利公布公告，魅族科技(中国)有限公司2012年6月28日申请的“用户设备及其操作控制方法”专利已经获批，正是通常说的mBack，类别为“发明专利”。"", ""魅族mBack是Android智能手机中全新的交互方式，其核心交互载体是智能手机正面的实体Hone键，能通过一个键完成按压（主页键Home）和触摸（返回Back）的操作功能。对比安卓传统机型使用的实体或者虚拟“四大金刚”键，mBack用单一的腰圆Home键，让系统底部虚拟按键销声匿迹。不仅操作交互上更简便，而且手机的“长下巴”也可以被去掉，让手机颜值更高。""]",mBack是魅族研发的Android智能手机交互方式，基于腰圆物理Home键，可实现轻触返回、按压回到桌面等功能，其对应的“用户设备及其操作控制方法”为魅族的发明专利。,0.5393258426966293,0.9113924050632911,0.3829787234042553,0.48689138576779023
50,旱冰和真冰的区别,"[""一个是真冰，一个是地面。两者的滑起来的感觉是不一样的，真冰需要的平衡感比较大，在旱冰上滑的时间长了之后，上了真冰很难找到平衡感，非常容易摔倒。溜真冰的冰鞋，鞋下面是冰刀，旱冰鞋是轮子。"", ""旱冰是在比较平整的广场、道路等场所，穿着带有双排或者单排轮子的旱冰鞋子，进行滑行的。而真溜冰场是在冰冻结实的冰面，受到温度和场所限制的。""]","1. 滑行场地不同：旱冰在平整的旱地场地，真冰在结冰的冰面，受温度和场所限制。
2. 装备不同：旱冰鞋是双排或单排轮子，与地面接触面积大；真冰鞋是冰刀，刃口窄，与冰面接触面积小。
3. 滑行感受不同：真冰摩擦力更小、速度更快，平衡更难掌握，对平衡感要求更高；旱冰平衡更容易掌握。
4. 滑行技巧有差异：二者技巧大同小异，但加速、压步等操作的细节要求不同。",0.41346153846153844,0.2945205479452055,0.6935483870967742,0.24038461538461536
51,如何做好公众号,"[""1.内容和语音相互结合。2.差异化的互动媒体。3.做好内容的规划。4.让读者形成习惯。5.打造完美的阅读。6.向新闻客户端学习。7.整合内容。8.坚持。"", ""（1）内容要与行业和产品相关，像杜蕾斯的内容永远与性和爱情有关。（2）做个优秀的标题党。记得微信大V李叫兽有专门写过一篇方法论，你可以找到看看。（3）文章长短适中，一般来说800-1000个字比较好，不过杜蕾斯照样把小短文写得如火纯文，知乎的长文也深得民心。这两家单篇阅读没有低于1万的吧。（4）配图讲究，低分辨率的不要，与内容无关的不要，尺寸适中。（5）说人话，说人话，说人话，重要的事情说三遍。不要上来就说你的企业、产品有多牛，没人喜欢直接站在街上卖的人。""]","1. 工具使用：可用新媒体管家插件辅助排版，用PPT制作图文配图、动图，降低作图门槛。
2. 定位规划：可先从做流量起步，积累一定粉丝基础后再转向做社群，提升附加值。
3. 内容运营：
   - 形式上可结合语音、视频，增强和读者的连接；
   - 内容要贴合自身行业与产品，长短适中、配图适配，表述通俗“说人话”，可做优质标题党提升吸引力；
   - 内容方向可结合情色擦边、八卦猎奇、情绪价值、数字化标题、热点、怀旧等用户偏好的角度，同时保持账号的人格化温度，增强用户粘性。
4. 快速涨粉：可通过合规活动引流，若有相关原有粉丝资源可联动引流，降低冷启动难度。",0.2707838479809977,0.2556053811659193,0.2878787878787879,0.10451306413301661
52,打印机重复打印一个文件怎么办,"[""1.点“开始”选择设备和打印机；2.选中打印机，点击右键，在弹出的菜单中选择“打印机属性”；3.在弹出的窗口中点“端口”，将“启用双向支持”前面的“√”去掉；4.完美解决。"", ""在桌面右下角有一个打印机的图标，左键双击把它打开，然后取消里面的正在打印的文档。如果还是不行，可以把打印机多关一会，等里面的内存自动清空了以后就好了。"", ""1、单击office按钮->打印命令，2、弹出打印对话框，在副本处输入打印份数即可。""]","可以通过以下方法解决：
1. 先暂停打印：可取出打印纸盒，双击桌面右下角打印机图标，取消所有正在打印的文档，或长按打印机的清除/停止键清除打印任务，关闭打印机一会儿清空内存。
2. 调整设置：进入设备和打印机，打开对应打印机的属性，在端口选项中取消“启用双向支持”的勾选；还可打开服务管理器，找到Print Spooler服务，在登录选项卡中取消“允许服务与桌面交互”的勾选。",0.3817427385892116,0.27710843373493976,0.6133333333333333,0.23236514522821575
53,罂粟怎么读,"[""罂粟[yīngsù]。""]",罂粟的读音是yīng sù。,0.8,0.6666666666666666,1.0,0.8
54,p站动图怎么保存,"[""用有查看源代码功能的浏览器打开P站，对着网页鼠标右键，就会有[查看源代码/文件]或者[审视元素]等功能选项出现。P白现象如果你对着网页鼠标右键，对不好就不会出框。就只会出另外一个框出来。进入后选择其查找功能，可用作品的ID数字或者查找[zip]自然就能找到要的。后面的你就用下载软件来下载ZIP。"", ""如果是动画图片，比如GIF扩展名的图片文件，一般只要右键点击动画图片，就有另存为的菜单。如果不是GIF扩展名的，可能是wsf扩展名的文件，可以查看网页中的源文件，一般可以在浏览器的缓存中找到并可以另存为文件提出。""]","P站动图的保存方法如下：
1. 普通GIF格式：右键点击图片，选择“另存为”即可保存。
2. 非GIF格式：①用带查看源代码功能的浏览器打开页面，右键选择查看源代码/审视元素，查找作品ID或关键词“zip”，找到后用下载工具下载对应的ZIP压缩包；②也可以查看网页源文件，在浏览器缓存中找到对应文件另存。
3. 工具保存：使用PixivAnimatDownloader工具，填入P站作品ID即可下载。",0.4675324675324675,0.4090909090909091,0.5454545454545454,0.30519480519480524
55,党的基层组织应当履行哪些监督职责,"[""一、监督党员切实履行义务和保障党员权利不受侵犯。二、定期向上级党组织反映情况和提出意见建议。三、维护和执行党的纪律。从当前形势看，基层党组织对党的领导干部遵守纪律状况进行监督应重点围绕以下几个方面加大工作力度。第一，要注重发动全体党员共同履行监督职能，依靠党员群众搞好对党的领导干部的监督。要搞好对党的领导干部的监督，一定要发动全体党员共同履行监督职能，多听取党员群众的意见。必须采取措施保障党员民主监督权利的落实，增强广大党员群众进行民主监督的信心。第二，要注重建立健全相关制度，以制度保证监督的可操作性和可持续性。在制定相关制度时，应该广泛听取广大党员群众的意见和建议，确保制定的制度既严密、系统、配套，又准确、具体，便于掌握和操作，同时还要有超前性，以起到事前防范和事中约束的作用。如果发现了党员、干部有违反纪律的问题，必须及时教育或者处理，问题严重的应当向上级党组织报告。第三，要注重加强思想教育，不断增强党的领导干部自觉接受监督的意识。要教育党的领导干部提高对监督问题的认识，从而在思想上增强自觉接受监督的意识。要鼓励和支持党的领导干部主动把自己摆在被监督的位置上，置于党组织和党员群众的监督之中，以实际行动欢迎和支持对自己的监督。"", ""一、监督党员切实履行义务和保障党员权利不受侵犯；二、定期向上级党组织反映情况和提出意见建议；三、维护和执行党的纪律；"", ""第一，要注重发动全体党员共同履行监督职能，依靠党员群众搞好对党的领导干部的监督。由于党的领导干部日常工作和生活在广大党员群众之中，因此，党的领导干部的党性修养、道德情操、能力水平、廉洁自律等方面的情况尤其是其缺点和不足方面的情况，广大党员群众往往看得比上级领导更清楚，正所谓“群众的眼睛是雪亮的”。所以，要搞好对党的领导干部的监督，一定要发动全体党员共同履行监督职能，多听取党员群众的意见。但由于党的领导干部与一般党员是领导与被领导的关系，党员群众在对党的领导干部进行监督批评时，往往会产生畏惧感，从而削弱民主监督的勇气，所以，必须采取措施保障党员民主监督权利的落实，增强广大党员群众进行民主监督的信心。第二，要注重建立健全相关制度，以制度保证监督的可操作性和可持续性。制度既是约束党的领导干部的行为规范，又是实施有效监督的依据和准绳。在制定相关制度时，应该广泛听取广大党员群众的意见和建议，确保制定的制度既严密、系统、配套，又准确、具体，便于掌握和操作，同时还要有超前性，以起到事前防范和事中约束的作用。如果发现了党员、干部有违反纪律的问题，必须及时教育或者处理，问题严重的应当向上级党组织报告。第三，要注重加强思想教育，不断增强党的领导干部自觉接受监督的意识。要教育党的领导干部提高对监督问题的认识，使其真正认识到党组织对自己的监督是对自己的关心爱护，是自己健康成长、做好各项工作所必不可少的条件和保障，从而在思想上增强自觉接受监督的意识。要鼓励和支持党的领导干部主动把自己摆在被监督的位置上，置于党组织和党员群众的监督之中，以实际行动欢迎和支持对自己的监督。""]","党的基层组织应当履行的监督职责如下：
1. 监督党员切实履行义务，保障党员权利不受侵犯；
2. 定期向上级党组织反映党员和群众的相关情况、提出意见建议；
3. 维护和执行党的纪律，强化对党员领导干部遵守纪律情况的监督。",0.6620689655172414,0.5161290322580645,0.9230769230769231,0.6482758620689656
56,必赢彩票网打不开,"[""小道消息，公司涉嫌私吞彩票，如果只是网站被攻击，不会出现客服打不通，微信打不开的情况。""]","小道消息称该公司涉嫌私吞彩票，网站已无法打开半个多月，客服电话也打不通，大概率已跑路，用户充值的资金和中奖金额均无法兑现，建议受害者向律师咨询，通过法律途径维权。

注：网络售彩在我国属于违规行为，参与此类非法博彩活动权益不受法律保护，请通过正规线下彩票站购买彩票，远离非法网络博彩。",0.2891566265060241,0.1875,0.631578947368421,0.24096385542168675
57,内能套胶推荐,"[""顶级探戈，快车冲锋号；多尼克；挺拔。""]","可参考以下推荐：
1. 优拉顶级探戈：平民化高性价比内能套胶，老款弹性、旋转、寿命更优，灌胶后性能提升明显，使用前建议氧化24小时。
2. 优拉快车冲锋号：性能中庸均衡，适配各类底板和打法，上台率高，性价比突出。
3. 多尼克铂金JO：弹性大、击球脆、速度快，海绵韧性足，击球弧线略飘，氧化后性能受影响小。
4. 多尼克S1：适合暴冲，适配软底板，大力量下球质重，加强版更为全面。
5. 多尼克M1：微黏胶面，吃球好、旋转强，有T05的风范，风格刚猛。
6. 挺拔灵气VIP：铂金JO升级版，内能足、速度快、易打透、上台率高，正反手通用，适合做正手套胶。
7. Palio拍里奥神龙：中近台弧圈快攻型，弹性好、一速快，适合厚硬碳素底板，内能效应可维持4-6天。
8. 亚萨卡NEW ERA-S",0.09722222222222222,0.051094890510948905,1.0,0.09722222222222222
58,无线遥控自慰震蛋的英文是什么,"[""g spot masturbation tiaodan。""]",Wireless remote control vibrating egg,0.0,0.0,0.0,0.0
59,页游为什么那么火,"[""因为无端运行。直接打开网页就可以玩了。""]","1. 受众基础：传奇类页游有大量情怀老玩家；
2. 使用便捷：无需下载客户端，打开网页即可玩，隐蔽性高，适配上班族摸鱼需求；
3. 运营刺激：开服有福利活动，新服易获取优越感，游戏托大额充值刺激普通用户跟进付费，小额度充值即可短期获得满足感，引导用户持续投入；
4. 市场环境：大型端游质量参差不齐、花费高、要求团队配合、耗时久，多数国人生活压力大没有足够精力体验，页游适配碎片化娱乐需求；
5. 推广密集：多渠道投放大量广告，曝光度高。",0.09045226130653265,0.04945054945054945,0.5294117647058824,0.08040201005025127
60,混沌馅怎么调好吃,"[""准备原料 清洗干净，我这是10块钱的猪肉，三根大葱，一份馄饨皮，大约70/80个，一小块姜切三小片就够用了。将葱切碎，姜切末，放到猪肉中，再加一个鸡蛋。依次放入以上调料，我放了两小勺盐，一勺鸡精，小半勺十三香，三勺料酒酱油老抽适量，油可以伴随搅拌过程适量放入顺着一个方向搅拌，搅出劲儿，感觉肉黏黏的报团即可，放入的最好是熟油，办出来的馅超级有光泽。"", ""原料：面粉500克，水250克，猪肉2斤，茉莉花茶3克。调料：盐12克，味精7克，鸡精5克，生粉30克。制法：1、面粉加水、碱和成面团，擀成薄皮，切成6CM见方的片。2、猪肉用刀切成碎茸，放入盐、味精、鸡精和水打匀，最后加入生粉拌匀。3、将肉馅逐个包在馄饨里。4、锅内热水，将包好的小馄饨下入其中，再放入盐、味精、鸡精等调料，再放入荷叶，捞出后装在碗中即可。""]","不同口味馄饨馅调法各有不同，共性技巧如下：
1. 基础猪肉馅选肥瘦3:7的猪肉，可搭配鸡蛋、葱姜末、生抽、盐、十三香、蚝油等调料，顺着一个方向搅拌上劲至肉馅抱团。
2. 可按需搭配其他食材：加鲜虾、鱼肉做成三鲜馅；加白菜、芹菜、韭菜等蔬菜时要先挤干蔬菜水分再和肉馅混合；也可加入咸蛋黄、鸡肉、蘑菇等做出不同风味。
3. 若做虾仁馄饨可加入用盐、胡椒腌过的鲜河虾仁，虾头虾壳熬汤做馄饨底汤风味更佳。",0.30817610062893086,0.29518072289156627,0.3223684210526316,0.1761006289308176
61,连接apple id服务器时出错怎么办,"[""1、最好使用wifi连接，蜂窝数据网络连接较慢，进入后有时候会无法连接；2、确认手机的wifi是可以连接的，可以重启一下手机，忽略wifi重新连接或者重启路由器；3、进入手机的设置—通用—还原—还原网络设置，重新连接网络后；4、如果还是不行，证明是苹果服务器的问题，请稍后再尝试连接服务器。"", ""首先关闭wifi，然后退回到第一步，会出现提示，选取其他网络的提示，不管，直接next，就会到 siri 提示，继续next就成功了。""]","1. 优先使用WiFi网络，确认网络可正常使用后可尝试重启手机、忽略WiFi重连或重启路由器；
2. 还原网络设置后重连；
3. 修改连接的无线网DNS为114.114.114.114；
4. 若是升级系统后出现该问题，可关闭WiFi选择飞行模式30秒后再关闭飞行模式重连WiFi，也可退回设置初始步骤跳过选网直接下一步；
5. 若上述操作都无效，可能是苹果服务器问题，稍后再尝试连接。",0.5288135593220339,0.4727272727272727,0.6,0.4
62,谷丙转氨酶和谷草转氨酶偏高的原因,"[""1、大量或长期饮酒者谷氨酸转氨酶升高。2、病毒性肝炎这是引起谷氨酸转氨酶升高最常见的疾病，各类急、慢性病毒性肝炎均可导致谷氨酸转氨酶偏高。3、肝硬化与肝癌肝硬化活动时，一般都会出现谷氨酸转氨酶升高。4、胆道疾病胆囊炎、胆石症急性发作时，常有发热、腹痛、恶心、呕吐、黄疸、血胆红素及谷氨酸转氨酶ALT升高。5、中毒性肝炎多种药物和化学制剂都能引起谷氨酸转氨酶ALT升高。6、心脏疾病急性心肌梗塞、心肌炎、心力衰竭时，谷丙转氨酶和谷草转氨酶均升高。7、其他某些感染性疾病，如肺炎、伤寒、结核病、传染性单核细胞增多症等，都有转氨酶升高的现象。""]","谷丙转氨酶和谷草转氨酶偏高的原因可分为以下几类：
1. 非病理性因素：熬夜、饮酒、剧烈运动、过于劳累、近期吃过于油腻食物、服用损伤肝脏的药物、正常妊娠等，多为一过性，合理调节后可恢复正常。
2. 肝脏疾病：各型病毒性肝炎、酒精肝、脂肪肝、肝硬化、肝脓肿、肝结核、肝癌、肝豆状核变性等，是最常见的病理性原因。
3. 其他脏器病变：心肌炎、心肌梗死、肾盂肾炎、大叶性肺炎、胆囊炎、胆石症、胰腺炎等，也可引起转氨酶升高。
4. 药源性或中毒性肝损害：服用红霉素、四环素等损伤肝脏的药物，或接触相关化学制剂，以及药物过敏，都会导致转氨酶升高，停药后多可恢复。",0.4848484848484849,0.49557522123893805,0.4745762711864407,0.22943722943722944
63,西夏是现在的什么地方,"[""西夏，是现在的宁夏、甘肃、陕西北部一带。""]",西夏疆域涵盖现在的宁夏、甘肃、陕西北部、青海东北部、内蒙古部分地区，盛时还可到达新疆的哈密一带。,0.5172413793103449,0.35714285714285715,0.9375,0.5172413793103449
64,智齿蛀牙一定要拔吗,"[""有蛀牙的智齿需要拔除，由于智齿生长位置特殊，不易被清理，很容易产生蛀牙，且不易修复，所以建议大家还是及早拔掉，以免后患无穷。""]",不一定。若智齿位置正、能够萌出、有对颌牙且咬合关系正常可考虑保留；否则通常建议拔除，还有4种特殊情况可保留智齿：智齿位置不对但可能有助于下颌相关义齿修复；第二磨牙患慢性牙周炎且二度以上松动或附着丧失超5mm预后差；第三磨牙牙冠龋坏超一半、牙根弯曲或形状不规则难以做根管治疗修复牙冠；智齿近中倾斜阻生、第二磨牙龋坏到低于牙龈成残根或远中牙槽骨明显吸收，这些情况可考虑保留智齿。,0.23580786026200873,0.15517241379310345,0.4909090909090909,0.1222707423580786
65,罗汉果的壳能不能一起泡着喝,"[""一般情况下，罗汉果泡水是不用去壳的。罗汉果的外壳也含有丰富的营养元素，具有很好的药用价值，具有很好的功效与作用。""]",正常情况下罗汉果的壳可以一起泡着喝，其含有丰富营养元素和药用价值，可起到降血脂、抗辐射、消炎利咽等作用；但如果是第一代高温烘烤的罗汉果，壳的功效已经丧失，不建议一起泡。,0.5354330708661418,0.4473684210526316,0.6666666666666666,0.36220472440944884
66,美国的节日,"[""新年（New Year&apos;s Day），林肯纪念日（Lincoln&apos;s Birthday），圣瓦伦丁节（情人节St. Valentine&apos;s Day），华盛顿诞辰日（Washington&apos;s Birthday），圣帕特里克节（St. Patrick&apos;s Day），愚人节（April Fools&apos; Day）复活节（Easter、一般指春分月圆后第一个星期日），植树节（Arbor Day）五月的第二个星期五），母亲节（Mothers&apos; Day五月的第二个星期日），阵亡将士纪念日（五月的最后一个星期一），国旗日（Flag Day），父亲节（Fathers&apos; Day）六月的第三个星期日），独立日（美国国庆节），劳动节（Labor Day九月的第一个星期一），哥伦布日（Columbus Day），退伍军人节（Veteran&apos;s Day），万圣节（Hallowmas），感恩节（Thanksgiving Day），圣诞节（Christmas）。""]","美国常见的节日主要有：
1. 1月1日新年；
2. 1月第三个星期一马丁·路德·金纪念日；
3. 2月12日林肯诞辰、2月14日情人节、2月第三个星期一总统日（华盛顿诞辰）；
4. 3月17日圣帕特里克节；
5. 春分后月圆首个星期日复活节；
6. 4月1日愚人节；
7. 5月第二个星期日母亲节、5月最后一个星期一阵亡将士纪念日；
8. 6月第三个星期日父亲节、6月14日国旗日；
9. 7月4日独立日；
10. 9月第一个星期一劳动节；
11. 10月第二个星期一哥伦布日、10月31日万圣节；
12. 11月11日老兵节、11月第四个星期四感恩节；
13. 12月25日圣诞节。

其中感恩节是美国特有的传统节日，圣诞节是美国人心中最重要的节日。",0.39109697933227344,0.47126436781609193,0.3342391304347826,0.2670906200317965
67,逆战测试服和体验服有什么区别,"[""测试就一俩个新地图，用来测试新版本的，服务器差，容易退回档，在线人数多就会掉线，有时侯人多会进不去。体验服就强大了，不是一个级别的服务器，但是还是比正服差。"", ""体验服是逆战拿来测试新模式的。""]","1. 定位不同：测试服主要用于测试新地图、新模式等新版本内容，收集BUG和玩家反馈；体验服内容基本和正服一致，用于提前体验相对成熟的待更新内容，是新版本上线正服前的中间环节，内容更新顺序为测试服→体验服→正服。
2. 准入资格不同：测试服面向普通玩家开放申请，少量获得资格的玩家可进入；体验服是腾讯内部服务器，仅内部人员、相关工作人员及特定账号可进入。
3. 服务器与福利不同：测试服服务器较差，容易卡顿、掉线、回档，内容较少；体验服服务器优于测试服，会定期发放NZ点。",0.29927007299270075,0.2,0.5942028985507246,0.18248175182481752
68,车年审需要什么资料,"[""行驶证。正副本齐全。有效期内的道路交通强制保险单(即交强险的副本)，如果副本页已丢失，就带上交强险的正本，并且A4纸复印一下。车船税缴纳单，一般情况下这个税费与交强险同在一张单上。深圳自09年始，购买交强险的同时必须车船税一起缴纳。身份证和身份证复印件;公司单位的车需要公司代码证及代办人的身份证明。"", ""1、填写《机动车查验记录表》，私车除车主签字外还须附车主身份证复印件， 公车的须附企业代码证书复印件及填写《授权委托书》并加盖公章； 2、车辆识别代号（车架号）拓印纸粘贴在《机动车查验记录表》相应位置上； 3、行驶证（正副页）； 4、机动车交通事故责任强制保险单（副本）；5、自修车辆或修理厂承修的车辆需在查验表上盖章(新车第一、二次参加年检时可免)；6、机动车安全技术检验合格证明； 7、轻型汽油车的需提供采用稳态工况法检测的尾气检测合格报告单；8、委托本地核发合格标志的需提供《委托核发机动车检验合格标志通知书》和回执 9、涉及交通安全违法行为的和交通事故的应事先处理完毕； 10、法院查封的车辆需要办理定期检验的，凭法院提供的证明、凭证办理； 11、代理的，需提交代理人身份证明及复印件和机动车所有人的书面委托。""]","个人自用车辆：1.车；2.正副本齐全的行驶证；3.有效期内的交强险副本，副本丢失的带交强险正本及复印件；4.车船税缴纳单，通常与交强险同单；5.身份证及复印件。
公司单位车辆：除上述基础材料外，还需公司代码证、代办人身份证明、加盖公章的《授权委托书》、填写好的《机动车查验记录表》、车架号拓印纸等。
年审前需提前缴清违章，随车携带三角架，大型汽车还需配备灭火器。",0.5555555555555555,0.5263157894736842,0.5882352941176471,0.4375
69,姬龙雪包属于什么档次,"[""姬龙雪是质感上层的轻奢品牌。""]",姬龙雪是质感上层的轻奢品牌，它原本是法国老牌子，现在已被国内公司收购。,0.5777777777777777,0.40625,1.0,0.5777777777777777
70,房贷逾期一天怎么办,"[""1、将欠款资金足额存入还款账户，等待系统每天自动补扣(不包含公积金贷款、车购易以及其他贷款公司贷款在招行代扣款项)；2、存入足额资金后通过网上银行、手机银行等渠道自助操作逾期还款(公积金贷款、行员贷款、贴息贷款、赎楼贷款、有“冲还贷”标志的贷款等以及逾期90天以上的贷款无法通过此方式归还)。 若今日是贷款还款日(不包括已逾期贷款)，还可通过“当日紧急还款”进行还款。"", ""若是在招商银行办理的个人住房贷款，如“扣款日”当天未及时足额还款，会产生逾期记录，由央行统一记录到征信系统。出现逾期时，会产生罚复息。系统自贷款应归还之日起，根据逾期时间的先后顺序（按复息、罚息、应收未收利息和逾期本金的顺序），逐期归还逾期贷款本息。"", ""逾期多少天会构成不良记录，取决于银行各自对风险的判断程度，对贷款业务和信用卡业务的不良记录认定又有所不同。就贷款而言，超过还款日一天确实会留下逾期记录，但如果不是频繁出现或者恶意欠贷，一般银行不会认定这是不良记录，对个人信用影响也不大。 为了避免不必要麻烦，最好还是按时还款，尽量不要逾期。通常情况下，银行对于晚一天还贷款，会有一定的宽限期。如果借款人所申请的贷款银行有宽限期，那么在还款日未还上款的情况，借款人可通知银行，讲明特殊原因，申请宽限期，在宽限期内将款还上，则不会影响到个人的信用记录。""]",房贷逾期一天首先要立刻将欠款资金足额存入还款账户，可等待系统自动补扣，或者通过网上银行、手机银行等渠道自助操作逾期还款，同时可以电话联系银行工作人员沟通相关问题。若贷款银行有宽限期，可说明特殊原因申请宽限期，在宽限期内还上欠款通常不会影响个人信用。,0.45,0.5431034482758621,0.38414634146341464,0.37142857142857144
71,配股怎么操作购买,"[""股票配股，散户只要按照公司发布的配股公告，在配股缴款起止日期内的证券交易所正常交易时间内缴足配股款就可以得到配股了，请股东注意申购时间。具体操作方法是：1、打开交易软件2，委托买入：在股票代码栏输入“配股代码”，在股数栏按照配股比例输入自己的配股数，在买入价格栏输入配股股价。点击确认即可。"", ""配股操作如同平时买股票，只要按照配股价和应配股数，填买单即可，没有配股权证一说。如果某股票又分红又配股，可以只取红利，而不配股，只要在配股缴款期不买入，配股就被放弃。配股是要手动操作的，因为那部分股票是优先配给原有股东。注意是优先。就是说，理论上你还是可以选择不接受配股的，只不过这样会遭遇重大损失，一般说来没人愿意那么干。另外，公司要配股的话，是必定会提前几天发公告教你怎么做的，按F10就能看到。如果暂时还没看到，那就说明还没到时间。你只要随时关注就行了。另外，如果你是满仓，手里没闲钱了，那就必须在配股之前卖一些出来，准备买它的配股。"", ""1、账上有资金不能自动完成配股，您必须进行购买的操作2、配股认购一般情况下为“买入”操作，但由于不同证券公司的系统设置方式不同，建议您咨询开户的证券公司，选择交易系统支持的正确操作方式，避免操作失误3、作完成后第二天可在系统或营业部查询是否资金冻结成功。如果未成功，您还需补操作。因此，为确保您配股成功，建议您尽早进行配股操作。""]","1. 提前关注公司配股公告，确认配股缴款起止日期、配股代码、配股价、可配股数，确保账户有足够资金，满仓可提前卖出部分股票筹备资金。
2. 在缴款期交易所正常交易时间操作：一般深市配股选择“买入”，沪市配股选择“卖出”，也可咨询开户券商确认操作方式，输入配股代码、对应配股数及配股价后提交委托。
3. 操作后次日查询资金是否冻结/委托是否有效，若未成功需及时补操作，逾期未缴款视为自动放弃配股。",0.513157894736842,0.45614035087719296,0.5864661654135338,0.28289473684210525
72,领事馆和大使馆的区别,"[""领事馆是一国驻在他国某个城市的领事代表机关的总称，有总领事馆，领事馆，副领事馆等，负责管理当地本国侨民和其它领事事务。大使馆是一国在建交国首都派驻的常设外交代表机关。大使馆的职责范围遍及驻在国各个地区，领事馆只负责所辖地区。大使馆通常受政府和外交部门的直接领导，而领事馆通常接受外交部门和所在国大使馆的双重领导。 许多国家在多数国家只设大使馆，不设领事馆。"", ""大使馆是最高等级的驻外机构，负责人成为特命全权大使，一般位于驻在国首都。领事馆级别仅次于大使馆，常常位于驻在国重要的城市，负责人是领事。""]","1. 定位不同：大使馆是一国在建交国首都派驻的常设外交代表机关，领事馆是一国驻在他国某个城市的领事代表机关。
2. 职责不同：大使馆代表整个国家利益，全面负责两国关系，首要职责是促进两国政治等各领域关系，同时具有领事职能；领事馆最主要职责是领事工作，如维护本国公民合法权益、颁发护照和签证等，仅负责所辖地区相关事务。
3. 级别与领导关系不同：大使馆等级更高，受政府和外交部门直接领导，馆长是由国家元首任命的大使；领事馆级别低于大使馆，通常接受外交部门和所在国大使馆的双重领导，负责人是领事。
4. 断交影响不同：两国断交一定会撤销大使馆，但不一定撤销领事馆。",0.6310679611650485,0.5263157894736842,0.7878787878787878,0.4223300970873786
73,数组成员引用下标必须大于等于1,"[""[关卡数] 中是个变量，变量的值小于1，所以报错造成数组越界。关卡数=1或者返回。"", ""数组成员数出错，点击确定后，看下光标出现在什么位置，把那段代码复制上来。"", ""可能是用变量了，而且变量类型是整数型等，整数型等于0，所有报错。""]","1. 引用数组使用的变量值小于1，可将变量赋值为1或直接引用数组的第1个成员；
2. 数组分割后需先判断数组成员数是否大于0，再引用数组；
3. 若为使用盗版易语言导致的报错，可更换正版易语言解决。",0.33898305084745767,0.23529411764705882,0.6060606060606061,0.18644067796610167
74,黑龙江省公务员考试成绩查询时间,"[""5月18日-6月2日。""]",2016年成绩查询时间为5月25日18:00至5月31日17:00；2017年成绩查询时间为5月18日-6月2日。,0.29508196721311475,0.17307692307692307,1.0,0.29508196721311475
75,国投瑞银公司怎么样,"[""国投瑞银旗下产品线较完善，共有4只股票型基金，其中包括创新型基金瑞福分级。3只混合型基金，分别是偏股、股债平衡和偏债型。另有纯债券型基金和货币型基金。旗下基金，整体而言，重赔制造业和金 融保险，前两大重仓行业占基金股票投资市值的64.26%。同业比较，属行业较集中者。国投瑞银最大的特点是其创新性，从瑞福分级到瑞和沪深300，无疑使其成为市场焦点。也反映出国投瑞银的市场战略定位。尤其在当前国内基金市场同质化现象严重的情况下，作为稀缺的投资品种，创新型基金值得投资者积极了解和关注。"", ""国投瑞银新兴产业混合LOF基金代码161219，基金全称国投瑞银新兴产业混合型证券投资基金(LOF)，托管银行中国建设银行股份有限公司最新规模0.46亿（2015-06-30）投资目标本基金通过股票与债券等资产的合理配置，精选战略新兴产业及其相关行业中的优质企业进行投资，分享新兴产业发展所带来的投资机会，在有效控制风险的前提下，力争为投资人带来长期的超额收益。投资范围本基金的投资范围为具有良好流动性的金融工具，包括国内依法发行上市的股票、债券、货币市场工具、权证、资产支持证券以及法律法规或中国证监会允许基金投资的其他金融工具。如法律法规或监管机构以后允许基金投资的其他品种，基金管理人在履行适当程序后，可以将其纳入投资范围。""]",国投瑞银基金公司产品线较完善，旗下有国投瑞银新兴产业等产品，重仓制造业和金融保险；薪资待遇相关信息来自员工匿名分享，仅供参考；其相关理财业务有投资者咨询其可信性，暂无明确的统一负面结论。,0.2960526315789474,0.5232558139534884,0.20642201834862386,0.19078947368421054
76,肤色不均怎么办,"[""1洗脸的时候可以在水里面加点食用白醋，这对美白嫩肤挺好的。2饮食上面：多吃黄瓜、土豆、西红柿、黑芝麻等 适量的吃些动物的皮、鸡肉、牛肉、猪脚等 对改善肌肤暗黄、美容和增强肌肤弹性等挺好的。或者用水果敷面。3夏天防晒很重要；出门前要擦隔离霜及防晒霜，晚上要记得卸妆，这是美白方法中关键一步。4多喝水，少吃油炸食品，保持皮肤清洁，这是皮肤美白中至关重要的一步，同时也是众多美白方法中的基础。5选择适合具有美白嫩肤功效的产品，做日常的基本护理；6保持充足的睡眠，不熬夜；尤其是夜晚11点至凌晨2点是肌肤细胞最为活跃的时候。7夏天尽量少吃或者不吃 芹菜、柠檬、茄子等感光性食物，吃些这些食物之后经过太阳一晒，很容易使皮肤变黑的。"", ""1.在空调房里的时候，要注意即使补充补水精华，密集补水，同时还要停止去角质的护肤产品。2.如果是室内温差过大造成的肤色偏红，那么可以通过补水或者具有舒缓成分的护理产品来安抚肌肤。3.过敏造成的肤色偏黄，那么一定要避免与过敏源的接触，同时给肌肤涂抹一些温和的防晒隔离，情况实在严重的要马上就医。"", ""不要熬夜日常生活中注意少吃辛辣食物及刺激性食物，多喝水,多吃一些水果蔬菜,保持每天通便的习惯。""]","1. 护肤：洗脸可加少量白醋；做好防晒、及时卸妆；选用合适的美白嫩肤产品；定期适度去角质，做好皮肤补水保湿，可定期敷美白面膜；部分感光类美白成分（如熊果苷、左旋VC）仅可夜间使用。
2. 饮食：多吃黄瓜、土豆、西红柿、黑芝麻、富含维生素C的果蔬，适量吃动物皮、鸡肉、牛肉、猪脚等；少吃油炸、感光性食物，减少胡萝卜素过量摄入。
3. 生活习惯：多喝水，保持皮肤清洁；规律作息，不熬夜，保证充足睡眠。
4. 针对性护理：肤色偏黄可每周做2次深层清洁、1次蒸汽浴，适度面部按摩；肤色偏黑可用绿茶替代香烟、咖啡，坚持每日涂防晒。
5. 若全身色差严重且有发展趋势，建议到皮肤科就诊检查。",0.4774951076320939,0.5191489361702127,0.4420289855072464,0.23874755381604695
77,天津阳光男科医院割包皮手术可靠吗,"[""挺可靠的""]",天津阳光男科医院是天津市首家现代化男科医院，割包皮采用弗林斯微创光离子包皮手术，具有愈合快、无痛、美观等特点，无需住院，收费公平公正公开，网友反馈可靠、价钱合理、口碑佳，有患者在此看好相关问题。,0.04444444444444444,0.023255813953488372,0.5,0.04444444444444444
78,江湖x攻略,"[""1、是葬花宝典不是葵花宝典。2、怎么祈福？江湖X:汉家江湖》祈福玩法攻略15级在大地图右上边东海剑池可以祈福需要祈福灵珠或者祈福碎片100，强烈建议尽快提到15级。3、祈福碎片怎么来？完成每日任务，月卡领取，加入帮派后捐赠残章以及元宝。（还有商城，但并不建议，对萌新来说。）差点忘了，还有bug补发，发家致富全靠维护4、元宝共享吗？充值元宝为金元宝，全账号共用，银元宝为剧情获得，当前账号使用，另外商城里只会显示金元宝，但买东西会优先扣除银元宝，请放心使用。5、元宝怎么花？针对6元党+30元党，先买威压没有之一，然后买淬火锤，别的以后再说。6、为什么买威压？淬火锤？为什么先威压？威压是可以直接跳过等级比你低的怪，没有威压只能压灰名，有了威压可以压白名，印象里有了威压只要低你一级就可以跳过战斗，对于速刷以及压学点来说十分重要。淬火锤是每天前两次洗装备免费，越高级装备洗练元宝需求越高，淬火锤基本是后面用，前期也有一点用。"", ""1，等级：当然，最简单的概念是等级越高越厉害。但是等级最多不能超过人物等级!!!比如你的人物等级是45级那么你的武学最高只能45，当然内功也一样。2，残章：我们拿到一本秘籍学习的时候就会显示最高15级。但是我人物已经20级了怎么可能用15级的武学?那么就需要残章来提升武学的上限!每一次提升5级，需要残章逐步增加比如15-20需要5个残章，那么20-25就需要10个，以此类推。不得不告诉小白们，比如少林内功的残章就只能提升少林内功的上限等级。目前残章的掉落方式大体只有(挂机、比武、打怪、部分随机事件了)3，学点：那么很简单，人物升级需要什么呢?——经验值。自然武学内功升级就需要我们的学点啦~!4，难度系数：难度系数呢，其实是告诉你这个秘籍的成长难度，因为越是厉害的武学不但秘籍稀少，残章的获取也是相对难得。不过简单的看，其实难度一般定义上可以理解为武学的稀有度。""]","### 开局相关
1. 1-12级体力可免费购买，先完成主线、钓鱼、收集武学等准备工作；1级无名山推荐帮师父，可获得队友黄飞鸿和佛山臭脚秘籍；2级桃花坞挖取对应资源，华山舍身崖跳崖优先选鱼肠刺法；小树林选杨志作为前排，洛阳客栈追求打榜选桑路，偏好后续剧情选桃花仙子。
2. 门派选择：新手可选适应性强的华山，喜欢召唤可选八大门、河洛帮，熟练玩家可选输出强力的南山派，拜师越早声望积累越快。

### 游戏机制
1. SL大法可刷装备属性、探索地图，无法刷战斗奖励、洗练；重要战斗不要加速，避免来不及SL。
2. 装备稀有度从高到低为红-紫-橙-绿-蓝，武学难度系数0.8以上可作主外功，0.9以上可作主要输出外功；30级前无名剑洗武功成本低，可善用。
3. 开奖励、领任务装备前换上MF（装备掉落概率）装，MF受福缘加成；进图前提前",0.2951807228915663,0.32558139534883723,0.2699724517906336,0.09337349397590362
79,和成都相似的歌曲,"[""最后一次看不见那些人老去，孤鸟的歌，时间里的，傲寒，他妈的，妈说，狗日的青春，我在太原和谁一起假装悲伤，玫瑰，我会想起你，错觉。"", ""其实你不懂我的心。"", ""归乡。""]",宋冬野的《董小姐》《斑马斑马》《安和桥》等，马頔的《南山南》《时间里的》等，贰佰的《玫瑰》《狗日的青春》等，李志的《梵高先生》《天空之城》等，赵雷的《南方姑娘》《画》等，另外还有《去大理》《当你老了》《少年锦时》等同类型民谣歌曲。,0.26865671641791045,0.2222222222222222,0.33962264150943394,0.17910447761194032
80,社会什么意思,"[""就是说你厉害，牛叉，懂得多，经验丰富，人脉广，不管在哪个地方都有熟人，老江湖。"", ""太现实了。太随社会生活了。太物质了。""]","作为网络用语，社会指人厉害、牛叉，懂得多，经验丰富，人脉广，不管在哪个地方都有熟人，是老江湖。
另外“太社会”也可指人太现实、太物质、认钱、遗失初心、为人处事世故虚伪。",0.5686274509803921,0.4142857142857143,0.90625,0.5490196078431373
81,三上悠亚无码是哪一部,"[""Princess Peach三上悠亜，快感三上悠亜，絶頂×4本番三上悠亜，ボクのカノジョは三上悠亜，ALL NUDE三上悠亜。""]",现有文章中没有提及三上悠亚无码作品具体是哪一部的相关内容。,0.07142857142857142,0.10714285714285714,0.05357142857142857,0.07142857142857142
82,合欢皮的功效与作用,"[""一、活血消肿的功效，合欢皮具有活血、消肿、止痛的功效，用于肺脓肿咳吐痰浊，也可用于跌打损伤。用于肺脓肿咳吐痰浊，可用合欢皮与芦根、公英、桃仁、薏苡仁、冬瓜仁等同用；用于跌打损伤，可用合欢皮与当归、赤芍、川芎、桃仁等同用；二、安神解郁的功效，合欢皮具用于安神解郁的作用，可用于虚烦不安、忧郁忿怒、健忘失眠等的治疗，具有很好的疗效；三、抗生育的作用，合欢皮具有抗生育的功能。合欢皮水提物具有显著的抗生育作用。合欢皮皂苷皮下注射有显著的抗着床作用，能减少大鼠妊娠数和正常胚胎数，大鼠妊娠后4-6日也有显著的抗早孕作用。已孕大鼠羊膜腔内给药，可使胎仔萎缩，而终止妊娠；四、抗肿瘤功能，合欢皮具有一定的抗肿瘤作用，合欢皮多糖对小鼠移植性肿瘤s180有显著的抑制作用；五、镇静的作用，合欢皮具有镇静的功效，合欢皮能显著抑制小鼠自发活动，呈现镇静催眠作用；六、抗过敏作用，合欢皮具有抗过敏的功效。合欢皮水煎剂大鼠灌胃能抑制腹膜肥大细胞脱颗粒，明显抑制抗原对大鼠的致敏过程和抗体的产生过程。""]","合欢皮性味甘平，归心、肝经，主要功效与作用如下：
1. 安神解郁：善解肝郁，为悦心安神要药，可治情志不遂、忿怒忧郁、烦躁失眠、心神不安，能安和五脏、改善情志。
2. 活血消肿、生肌续骨：可活血祛瘀，用于跌打损伤、筋断骨折、血瘀肿痛；还能消散内外痈肿，治疗肺痈咳吐脓血、疮痈肿毒、瘰疬等。
3. 现代药理作用：具有镇静催眠、抗过敏、抗生育、抗肿瘤的作用，其所含的合欢催产素可收缩子宫，还能短暂降血压，山合欢皂苷E有杀伤精子的效果。",0.34937611408199637,0.5632183908045977,0.2532299741602067,0.1568627450980392
83,禽流感可以吃鸡蛋吗,"[""鸡蛋是可以吃的，鸡肉这些也是可以吃的。只是要在充分煮熟之后，因为禽流感病毒普遍都对热比较敏感，不过以安全为重就不要吃糖心蛋一类的东西了。"", ""一般情况下，禽流感期间最好不要吃鸡蛋。在禽流感期间，很多鸡蛋都会带有禽流感病毒，食用之后会容易危害身体健康。""]",可以吃，但必须是经过充分煮熟的鸡蛋，避免吃生鸡蛋或溏心蛋，同时最好选择有检疫证明、非疫区来源的鸡蛋，处理鸡蛋前后要洗手，蛋壳可提前清洗。,0.3225806451612903,0.32786885245901637,0.31746031746031744,0.1935483870967742
84,纹眉机的选择方法,"[""纹眉机的转速，转速越快，疼痛感越小；针压稳定及安全针压，采用目测法，运转的纹眉机针尖必须成一直线，出针长度保持稳定，不能有忽长忽短的感觉；机身设计，设计必须精细，灵巧转动没有阻力，重心应稳定在中央位置。市场上流行的设计多数采用直式笔型设计，可365度调整，就算长时间使用也轻松自如没有疲劳感；使用寿命，是否有防止色料回流的装置等都会影响纹眉机的寿命长短。""]","选择纹眉机可从以下方面着手：
1.噪音：运转时距离顾客一米左右，顾客不感觉噪音为宜；
2.转速：转速越快痛感越小，优先选择调速范围大的，测试时在硬纸划针，响声越密集转速越快；
3.针压：运转时针尖呈一直线、出针长度稳定，最好带有可控制刺入深度的安全针压设计；
4.机身：设计精细灵巧、转动无阻力，重心居中，优先选直式笔型可360度调整的款式，长时间使用不易疲劳；
5.使用寿命：优先选择噪音小、转速稳定、带有防止色料回流装置的产品，使用寿命更长。",0.5558739255014327,0.5132275132275133,0.60625,0.4584527220630372
85,投资顾问是做什么的,"[""投资顾问是指专门从事于提供投资建议而获薪酬的人士。"", ""投资顾问在为客户提供服务的过程中需要为客户提供充足的专业知识以及满足客户的投资理财需求。其岗位职责如下：1.与客户保持全面深入沟通投资顾问引领客户进行投资理财，投资顾问与客户的沟通交流贯穿于理财服务的始终，是联系专户理财团队与客户之间的沟通桥梁。投资顾问与客户保持全面深入的沟通，了解客户的理财目的，为其制定符合要求的投资方案。2.提供专业投资理财常识当客户缺乏相应的投资理财知识时，投资顾问需要向客户解释和灌输理财知识和投资常识，向客户解释和帮助客户理解投资机会以及投资过程中的一些误区，帮助客户理解、评价风险。3.全面的需求分析投资顾问需全面了解客户的财务状况、家庭基本情况、客户的财务需求，帮助客户指定合适的理财投资目标和方案，并将投资理财方案与客户沟通，达成一致。4.投资管理报告的解读每个客户特定的投资组合在规定的期限内都将生成一份投资管理报告，此报告包含客户的投资组合在过去时间内的业绩、投资组合经理对投资组合业绩的评价与解释以及在未来一段时间内的投资环境的判断。投资顾问需帮助客户解读投资管理报告，帮助客户了解投资组合的运行状况及业绩表现，评价才投资组合是否符合客户的既定目标。5.调整投资方案投资顾问帮助客户对上一年的投资方案作出评价，帮助客户了解现在的投资环境以及投资方案是否符合目前的投资状况，根据客户的理财目的或者其他要求对投资方案作出调整，并得到客户的认可和同意。""]",投资顾问是专门从事提供投资建议并获取薪酬的专业人士，主要工作包括：与客户沟通了解其理财需求，制定适配的投资方案；向客户普及投资理财知识，提示投资风险，提供投资品种选择、投资组合、理财规划、买卖时机等投资建议，承担专户理财团队与客户间的沟通桥梁作用，客户参考建议自主决策，盈亏自负，投资顾问可依规收取相应服务费用。,0.26780626780626776,0.6619718309859155,0.16785714285714284,0.17094017094017094
86,鬼针草降血压多久有效,"[""鬼针草30-50克，加水两大碗浸泡十分钟，煮开后2分钟关火。将煮好的药汁倒入大杯中，什么时候口渴时就当水喝，一天喝完。不必担心药汁难喝，除了有股中药味外，喝到嘴里不苦不涩，很容易接受。鬼针草是一种非常普通、常见的一种植物，农村的田间地头自不必说，单是城市里无人打理的草丛中，小区里的草坪里也有。尤其是到了秋天，在草丛中走过，会有一些黑褐色的、长约2厘米的细刺挂在衣服上，这就是鬼针草的种子。如果有条件采到这种植物，可以在6-7月份，长得最茂盛的时候自己采集，把鬼针草连根拔起，晒干后用剪刀（有药用小铡刀更好）剪成小段，便于收藏，全草都可入药。嫌麻烦也可以去药店买，很便宜，几块钱一斤。因为中药见效慢，一般要喝一个星期才能有效果，我母亲喝了两个月，血压由原来的90-150，降到了70-110。为了验证一下会不会反弹，母亲就不再喝了，至今停药已经两个多月了，血压一直稳定在80-120。"", ""每天取鬼针草(干品)10克、先将其洗净，然后加入水0.5-1公斤，烧开即可当茶饮用。也可每次用干鬼针草30克，用水2000毫升，水煎后当茶饮，一日内服完，连服3—5天见效或恢复正常，并长期保持血压稳定。该药的独特之处是在于患高血压的病人服药且血压降至正常，血压偏低的可以便血压回升，血压正常的人没有变化，它确实是防治高血压、心脑血管病的特效药物。据文献资料记载，该药对三硝酸甘油脂、胆固醇、血液黏稠度均有明显降低作用，不失为祛病健身的中草药之宝。鬼针草为菊科一年生草本植物。生于海拔50-3100米的路边荒地、山坡及田间。国内外均有分布。为我国民间常用草药，可在夏、秋季开花盛期   收割地上部分，拣去杂草，鲜用或晒干，以全草入药。鬼针草性温，味苦，无毒，全草均可入药，具有清热、解毒、散瘀、消肿等功效，民间常用它治疗肠炎、痢疾等疾病。近年发现，该药对血压具有良好的双相调节作用，高血压病人服了此药可使血压降低，血压偏低者用药后可使血压升至正常，临床则多用作降压。"", ""我国民间常用鬼针草治疗高血压，疗效显著。鬼针草，又名一把针、粘身草、刺针草、盲肠草等，为菊科一年生草本植物，性温，味苦，无毒。现代药理证明，鬼针草含黄酮甙、皂甙、鞣质、多元酚、香豆素、苦味素、碘、胆碱、氨基酸、维生素等成份，对调节人体血压具有良好的功效。 具体方法为，每日用干鬼针草30克，加水2000毫升，水煎后代茶一日内服完，连续服用八九天见效或血压恢复正常，并且能长期保持血压稳定。鬼针草的独特之处在于患高血压的病人服药后血压能降至正常，血压偏低的人可使血压回升，血压正常的人没有变化，它确实是防治高血压，脑血栓和冠心病的特效药物。槐&#8206仲减&#8206脂降&#8206压方能够减肥、降脂、软化血管、是中药的适合于因肥胖、饮食不合理。""]","一般情况下服用鬼针草7天左右见效，部分情况3-5天、8-9天见效，也有需要服用1-2周甚至1-3个月才见效的，且需坚持服用，饮食无节制、生活无规律者服用无效，血压超过160的服用无效。另外需注意不要误将大狼把草当作鬼针草使用，否则达不到降压效果。

温馨提示：上述内容仅来源于相关经验分享，若有高血压相关问题建议咨询专业医生，勿自行用药。",0.27070707070707073,0.44966442953020136,0.1936416184971098,0.10101010101010101
87,频率分辨率,"[""频率分辨率是指将两个相邻谱峰分开的能力。""]",频率分辨率是指将两个相邻谱峰分开的能力，在实际应用中是指分辨两个不同频率信号的最小间隔，也可作为比较不同算法性能的指标。使用离散傅里叶变换时，它是频率轴上的最小频率间隔，数值为采样频率与采样点数的比值，等于采样信号时间长度的倒数，信号有效长度越长，频率分辨率越好。,0.2676056338028169,0.15447154471544716,1.0,0.2676056338028169
88,银行贷款多久能放款,"[""银行贷款的审批一般是7-15天,大前提则是客户的资质良好，优质客户自然能下来的快一些。虽然，不少银行审批时间都差不多，不过，若能提前做好准备工作，常常能缩短贷款审批时间。"", ""一般银行放款是1-3个工作日。"", ""贷款在资料全部齐全并且审批通过的情况下，一般需要1-2周放款，一般情况下不会超过15天，具体看经办行的效率，一般如果不是年底的话放款都比较快。""]","银行贷款的放款时间受多种因素影响，没有统一标准：
1. 常规情况：资料齐全且审批通过后一般1-2周放款，通常不超过15天，审批通过后实际放款多为1-3个工作日，具体看经办行效率，非年底放款更快。
2. 房屋按揭贷款：
    - 签完贷款合同后常规1-2个月放款，银根紧张时（如年底）可能需要2-5个月。
    - 商业贷款一般1-2个月放款；公积金贷款流程多审批慢，需要2-6个月放款。
3. 资质优异的客户审批放款速度更快，提前做好准备也可缩短审批时间。",0.3790322580645162,0.2568306010928962,0.7230769230769231,0.31451612903225806
89,贷款提前还款利息怎么算,"[""提前还款的话利息就不会这么多了。具体计算还要看提前还款额是多少。办理提前还款同时要支付剩余本金的3%-5%的提前还款手续费用。"", ""算到还贷款的那天，不会多算的。"", ""按揭贷款的利息计算公式是：利息＝剩余本金×月利率。如果提前全部换清，这时的利息＝上个还贷日剩余本金×月利率/30×上个还贷日到全部还清日的实际天数。""]",利息计算方式为剩余贷款本金×（提前还款日-上次扣款日的天数，天数按算头不算尾或算尾不算头计算）×日利率（日利率=年利率÷360），具体规定各银行有差异；如果是一次性还清，后续利息无需缴纳，部分提前还款则剩余贷款利息重新计算，同时部分银行会收取提前还款的违约金或手续费。,0.5052631578947367,0.39669421487603307,0.6956521739130435,0.2526315789473684
90,女生跑调适合唱什么歌,"[""你一定要幸福，S.H.E的热带雨林,，<潘朵拉>，郭美美〈不怕不怕〉宁夏，知道不知道，<隐形的翅膀>，孙燕姿的<我也很想他>也很好唱。"", ""01吴莫愁 - 不是爱；02阿悄 - 胭脂泪；03Sara - 夏伤；04谢容儿 - 寂寞；05夏天Alex - 我配不上你；06赖伟锋 - 某某；07陈倩倩 - 婴儿；08黄雅莉 - 不爱被爱；09范晓萱 - 眼泪；10郭采洁 - I Remember。""]",适合唱的歌有《爱的代价》《热带雨林》《潘朵拉》《MR.Q》《不怕不怕》《宁夏》《知道不知道》《樱花草》《天亮了》《遇见》《红豆》《海盗》《魔力》《记得要忘记》《亲亲》《四季》《你》《狮子座》，也可选节奏好、调子简单、无高音的快歌或说唱类歌曲。,0.39694656488549623,0.325,0.5098039215686274,0.33587786259541985
91,伊思适合多大年龄段,"[""伊思适合20岁以上的人群使用，其中最受欢迎的蜗牛霜适合20~30岁，红参蜗牛霜适合30岁以上。""]",伊思产品针对不同肤质和功效有不同适配年龄，整体适合18岁以上人群使用，其中再生蜗牛系列、白色蜗牛霜适合20~30岁的年轻肌肤，红参蜗牛系列适合30岁以上有抗皱需求的熟龄肌。,0.5853658536585366,0.45,0.8372093023255814,0.5528455284552846
92,怎么把小米手机的照片传到电脑,"[""可按照如下方法，把照片传到电脑上：1）使用数据线将手机和电脑连接起来；2）进入电脑，打开“我的电脑”，然后进入小米2手机的照片文件夹；3）选择对应的图片，复制到电脑上即可。"", ""方法如下：1、打开USB调试；2、用数据线连接手机和电脑；3、将图片复制至电脑即可。USB调试开启方法如下：1、打开【设置】 --【 关于手机】；2、连续多次点击【MIUI版本】，直到提示已开启【开发者选项】；3、退出【 关于手机】点击进入【其他高级设置】；4、进入【开发者选项】，点击【USB调试】将其打开即可。""]","可通过以下方法传输：
1. 数据线连接：打开USB调试，用数据线连接手机和电脑，找到手机照片文件夹，复制照片到电脑；
2. 无线传输：在WiFi环境下，可通过QQ传输，或开启手机远程管理，在电脑端输入对应ftp地址访问传输；
3. 云服务同步：通过小米云客户端备份照片，电脑登录小米云下载；
4. 工具传输：在手机和电脑上同步安装手机助手类软件，通过软件导出照片。",0.4473684210526316,0.3333333333333333,0.68,0.2456140350877193
93,京东买空调免费安装吗,"[""有些京东会直接安排人来安装的，有些要自己打厂家客服电话让他们安排人来上面安装，都是免费的（除非加材料），具体看商品页面介绍吧。"", ""安装费用一般都是要收取的，有的品牌打出免费安装口号，其实羊毛还是出在羊身上，安装算也含算在零售价里面了""]",正常情况下京东销售的空调首次安装是免费的，安装服务一般由厂家提供，但若涉及额外延长铜管、外机支架、超出免费范围的打孔等附加项目则需要另行付费，具体也可提前咨询对应品牌或京东客服。,0.3,0.25301204819277107,0.3684210526315789,0.19999999999999998
94,热血躲避球怎么发必杀,"[""地上必杀技=跑5步+扔球；空中必杀技=跑7步+跳起+空中扔球 跑两步然后a+b也可以放空中必杀效果因人而异，所以要自己去尝试。"", ""热血学园绝招发射方式：↓→ + A ；功夫学园绝招发射方式：↓↑ + A ；不良学园绝招发射方式：← ← + A ；水手服学园绝招发射方式：→→ + A ；绿扁帽学园绝招发射方式：↑→ + A ；滑板学园绝招发射方式：↑↓ + A ；卡哇伊学园绝招发射方式：↓↓+ A ；辣妹学园绝招发射方式：↓← + A 忍者学园绝招发射方式：→ ← + A ；怪兽学园绝招发射方式：↓↑+ A ；恶魔学园绝招发射方式：← → + A。"", ""跑六步然后砸球，或者跳起来，跳到最高点的时候砸球。""]","1.基础通用方式：
地面必杀：跑5-7步后扔球；
空中必杀：跑7步后跳起在最高点扔球，或跑2步后按A+B起跳扔球。
2.不同学园专属绝招（热血躲避球2）：热血学园↓→+A、功夫学园↓↑+A、不良学园←←+A、水手服学园→→+A、绿扁帽学园↑→+A、滑板学园↑↓+A、卡哇伊学园↓↓+A、辣妹学园↓←+A、忍者学园→←+A、怪兽学园↓↑+A、恶魔学园←→+A。",0.530909090909091,0.5214285714285715,0.5407407407407407,0.5018181818181818
95,个人声明书怎么写,"[""一、介绍自己身份：主要写姓名、性别、出生年月、籍贯、某某大学某某系××级学生。学生证号、身份证号。二、声明事项：放弃保送研究生的权力。三、放弃的理由和原因，并一定要说详细透彻能够使人信服。四、声明放弃后所带来的一切后果自负，与学校无任何关系，并决不反悔。特此声明!声明人：年月日(盖手印)。"", ""本人（姓名： ；身份证号码： ） 于年月日入职哈尔滨圣明节能技术有限责任公司，本人已于年月日与原单位依法解除劳动关系且无竞业限制。因本人原因，无法提供原单位的离职证明。现本人郑重声明，本人若与原单位发生任何纠纷均与哈尔滨圣明节能技术有限责任公司无关，若因此给哈尔滨圣明节能技术有限责任公司造成任何损失，将有本人承担。"", ""本人/单位（姓名/单位名称）于（时间）委托（委托人或单位）申请购买了（产品名称），由于（概述问题），本人/单位（姓名/单位名称）现申请获得（产品名称）的管理权。为了避免权属纠纷，特做如下说明：  （姓名/单位名称）是（产品名称） 的真正所有者，今后由（产品名称）引起的纠纷和造成的一切后果，其责任概由（姓名/单位名称）承担，与（委托人或单位）无关。特此声明！  声明人/单位信息  姓名/单位名称：身份证号（单位可以不写）：联系电话：声明人/单位：（个人签名要手写，单位要盖章）日期。""]","个人声明书的写法参考如下：
1. 首先介绍声明人身份，写明姓名、性别、出生年月、身份证号等相关身份信息；
2. 明确说明具体的声明事项；
3. 阐述相关理由，如有需要可详细说明；
4. 写明后续责任承担相关内容，表明声明是自身真实意思表示；
5. 落款处由声明人签名、按指膜，注明声明日期，涉及单位的还需加盖公章。",0.3629032258064516,0.3543307086614173,0.371900826446281,0.2983870967741935
96,520送什么给女友,"[""支付宝转账520，5.20，1314，13.14。下面可以写留言。微信红包。和支付宝差不多。给信用卡。蛋糕速递。快递鲜花。洁面仪。香薰机。"", ""一、金玫瑰+竹简情书定制套装。二、零食大礼包。三、精美饰品：水晶的手链、心形的项链。四、女性用品：化妆镜、香水、手表等等。五、创意灯：百变的魔术书灯、月球灯还有相框灯。"", ""鲜花。""]","你可以选择这些礼物：
1. 转账/红包：支付宝或微信发520、1314等寓意好的金额，也可以送你名下的信用卡让她使用。
2. 浪漫类：蛋糕速递、鲜花/永生花、99朵红玫瑰花束、巧克力等。
3. 实用类：洁面仪、香薰机、零食大礼包、精美饰品、感温杯、毛绒玩具、香水、化妆品等。
4. 定制类：DIY玻璃球小屋、刻字银饰、定制照片拼图/专属杂志/棉花糖/杯子/人形抱枕、金玫瑰+竹简情书套装、木质情书等。
最重要的是送出你的真心，优先选择她喜欢、一直想买却没舍得买的礼物，更能送到对方心坎里。",0.304,0.19487179487179487,0.6909090909090909,0.21600000000000003
97,steam如何解除交易限制,"[""绑定steam手机令牌超过15天，或者不停的投诉。"", ""及时联系客服解决。""]","针对不同原因的交易限制，解除方法不同：
1. 新设备登录导致的7天限制：可将可正常交易的旧电脑Steam客户端整体复制到新电脑，或让新老设备在同一网络下形成流媒体传输；也可绑定Steam手机令牌满15天解除。
2. 交易规则违反导致的封禁：确认自身未违规的情况下，向Steam客服申诉，可使用中文沟通，坚持申诉、软硬兼施，配合提供交易凭证等相关材料。
3. 不清楚限制原因的，可直接联系客服查询原因后对应处理。",0.17647058823529413,0.09944751381215469,0.782608695652174,0.1568627450980392
98,李沁奔跑吧兄弟哪一期,"[""奔跑吧第五季20170428和20170505。"", ""奔跑吧第五季第二期2017年4月28日。""]",《奔跑吧兄弟》第五季（即《奔跑吧》）的第三、四期，对应播出时间为2017年4月28日和2017年5月5日。,0.5970149253731344,0.45454545454545453,0.8695652173913043,0.5970149253731344
99,钢密度,"[""钢的密度为：7.85g/cm3。"", ""421钢材7.85g/cm。3422碳钢7.85g/cm。3423钢材7.85g/cm。3424碳钢7.85g/cm。3425钢材7.85g/cm。3426碳钢7.85g/cm。3427工业纯铁7.87g/cm。3428工业纯铁7.87g/cm。 3429工业纯铁7.87g/cm。""]",中学计算常取7.9g/cm³（即7.9×10³kg/m³），普通钢材、碳钢常用密度为7.85g/cm³，不同种类的钢密度存在差异，如低碳钢7.85g/cm³、中碳钢7.82g/cm³、高碳钢7.81g/cm³、不锈钢1Cr18Ni9为7.93g/cm³等。,0.45161290322580644,0.47115384615384615,0.4336283185840708,0.39631336405529943
100,数字万用表的使用方法,"[""电阻的测量：首先红表笔插入 VΩ孔，黑表笔插入 COM 孔；量程旋钮打到“Ω”量程档适当位置 ；分别用红黑表笔接到电阻两端金属部分；读出显示屏上显示的数据。直流电压的测量： 红表笔插入 VΩ孔；黑表笔插入 COM 孔；量程旋钮打到 V-或 V~适当位置；读出显示屏上显示的数据。交流电压的测量：红表笔插入 VΩ孔； 黑表笔插入 COM 直流电流的测量：孔；量程旋钮打到 V-或 V~适当位置；读出显示屏上显示的数据。直流电流的测量：断开电路；黑表笔插入 com 端口，红表笔插入 mA 或者20A 端口；功能旋转开关打至 A~(交流)或 A-(直 流)，并选择 合适的量程；断开被测线路，将数字万用表串联入被测线路中，被测线路中电流从一端流入红表笔，经万用表黑表笔流出，再流入被测线路中；接通电路；读出 LCD 显示屏数字。交流电流的测量：断开电路；黑表笔插入 com 端口，红表笔插入 mA 或者20A 端口；功能旋转开关打至 A~(交流)或 A-(直 流)，并选择合适的量程；断开被测线路，将数字万用表串联入被测线路中，被测线路中电流从一端流入红表笔，经万用表黑表笔流出，再流入被测线路中；接通电路；读出 LCD 显示屏数字。电容的测量：将电容两端短接，对电容进行放电，确保数字万用表的安全；将功能旋转开关打至电容“F”测量档， 并选择合适的量程；将电容插入万用表 CX 插孔； 读出 LCD 显示屏上数字。"", ""1、使用前，应认真阅读有关的使用说明书，熟悉电源开关、量程开关、插孔、特殊插口的作用；2、将电源开关置于 ON 位置；3、交直流电压的测量：根据需要将量程开关拨至 DCV（直流）或 ACV（交流）的合适量程，红表笔插入 V／Ω孔，黑表笔插入 COM 孔，并将表笔与被测线路并联，读数即显示；4、交直流电流的测量：将量程开关拨至 DCA（直流）或 ACA（交流）的合适量程，红表笔插入 mA 孔（＜200mA 时）或10A 孔（＞200mA 时），黑表笔插入 COM 孔，并将万用表串联在被测电路中即可。测量直流量时，数字万用表能自动显示极性；5、电阻的测量：将量程开关拨至Ω的合适量程，红表笔插入 V／Ω孔，黑表笔插入 COM 孔。如果被测电阻值超出所选择量程的最大值，万用表将显示“1”，这时应选择更高的量程。测量电阻时，红表笔为正极，黑表笔为负极，这与指针式万用表正好相反。因此，测量晶体管、电解电容器等有极性的元器件时，必须注意表笔的极性。""]","数字万用表可按测量对象选择对应方法使用：
1. **电压测量**：黑表笔插“com”孔，红表笔插“VΩ”孔，旋钮选对应交/直流电压档合适量程，并联在被测电路两端，读数即可，若显示“1.”需加大量程，直流电压显示“-”说明表笔极性接反。
2. **电流测量**：黑表笔插“com”孔，测>200mA电流时红表笔插“10A”孔，<200mA则插“200mA”孔，旋钮选对应交/直流电流档合适量程，串联进电路中读数，测量完毕需将红表笔插回“VΩ”孔，避免后续测电压损坏仪表。
3. **电阻测量**：表笔插法同电压测量，旋钮旋到“Ω”档合适量程，表笔接电阻两端，读数时注意对应量程单位，不要同时接触电阻两端避免影响精度，若显示“1.”需更换更大量程。
4. **二极管测量**：表笔插法同电压测量，旋钮旋到二极管档，红表笔接二极管正极、黑表笔接负极可测正向",0.5783132530120482,0.6153846153846154,0.5454545454545454,0.30722891566265065
101,隔夜菜到底能不能吃,"[""“隔夜”并非亚硝酸盐产生的关键，加热也不会增加致癌物的含量。当然，蔬菜中的许多种维生素，在加热的时候会被破坏，多次加热的蔬菜也比较难吃。从“好吃”的角度来说，“隔夜菜”确实比较差；从营养的角度说，多次加热确实有一定影响；从安全性的角度说，加热并没有什么问题。“隔夜菜”，没有传说中的“致癌”能力。"", ""据说，胃癌发病率低，与不吃隔夜蔬菜的习惯有关。由于部分绿叶类蔬菜中含有较多的硝酸盐类，煮熟后如果放置的时间过久，在细菌的分解作用下，硝酸盐便会还原成亚硝酸盐，有致癌作用，加热也不能去除。""]",隔夜菜并非绝对不能吃，是否可食用主要取决于保存条件与时长：低温密封冷藏可减少亚硝酸盐生成，存储时间不超过1天、食用前充分加热的隔夜菜可放心食用；但常温放置、存储过久的隔夜菜亚硝酸盐含量高且易滋生细菌，不建议食用，绿叶菜、海鲜、半熟蛋等品类的隔夜菜尤其不建议食用，最好现做现吃。,0.38095238095238093,0.31746031746031744,0.47619047619047616,0.17142857142857143
102,游学的意义,"[""游学是世界各国、各民族文明中，最为传统的一种学习教育方式。圣经中记载的“东方五学士，祝贺耶稣基督诞生”的故事，和意大利旅行家马可波罗在中国的游历，都透露出古代东西方游学交流中所蕴涵的丰富信息。而中国民间自古以来，就非常重视游学对人格养成和知识形成的重要作用，孔子率领众弟子周游列国，增进弟子的学识，培养弟子的品质，开阔眼界。“读万卷书，行万里路”，更是中国传承至今家喻户晓的教育古训。"", ""在自然环境中关心别人，在克服困境中积累能力，在团队竞赛中与人合作，在学习过程中增加底蕴。""]","1. 知识与素养层面：寓教于乐，增进学识，强化外语能力，了解不同文化历史与风土人情，开阔视野，积累人文底蕴，弥补书本学习的局限，做到知行合一。
2. 人格与能力层面：锻炼独立生存、自主理财能力，培养吃苦耐劳的品质，增强同理心、责任心与团队协作能力，塑造独立人格。
3. 发展与规划层面：拓宽国际视野，培养多元文化理念与思维习惯，为后续出国留学奠定基础，有助于寻找人生方向、重塑发展目标。",0.22418879056047197,0.2331288343558282,0.2159090909090909,0.08849557522123894
103,徐州三胞广场开业时间,"[""2016年中旬开业。""]",徐州三胞广场原计划2016年开业，后预计2017年5月1日开业。,0.35897435897435903,0.23333333333333334,0.7777777777777778,0.35897435897435903
104,公摊面积多少合理,"[""10%-30%是合理范围。""]",公摊系数通常在10%-30%是合理范围，不同建筑类型有差异：多层住宅公摊系数约15%，高层一般不小于16%，部分可达28%。,0.3,0.17647058823529413,1.0,0.3
105,尘虱是怎么样产生的,"[""一般从宠物身上。"", ""一：房子里原先就存在，装修前没进行房屋全面消毒，二：被人从外部携带进来，尘虱很容易依附在衣服或者其他之类的媒介上传播。""]",尘虱的产生来源通常有三种：1. 从宠物身上携带而来；2. 房屋装修前未全面消毒，本身就存在尘虱；3. 尘虱依附在衣服或其他媒介上被人从外部携带进入。,0.6034482758620691,0.5555555555555556,0.660377358490566,0.3620689655172413
106,自动旋转灯制作方法,"[""1、取一纸杯，在杯身对称处各剪开一个方形大口，在杯底固定上蜡烛，作为灯的底座。2、另一个纸杯则在杯身约等距离位置剪出三四个长方形的扇叶，在杯底中央处穿上绳子，并用牙签棒固定，作为灯的上座3、将两个纸杯上下对口用胶带贴好固定。4、点上蜡烛，拉起绳子，看看有什么现象产生。"", ""1、在碗底找到圆心，扎孔，将圆平均分成四份或八份，然后以圆心为中心画一个半径为一厘米左右的小圆2、按图示中的黑色粗线小心的用小刀划开，注意圆心-中间的小圆不能划破。3、按扣先分开成两部分，分别从碗里和碗外面按压扣- 在一起，把每一个转叶都拉开相同的角度。"", ""找一块稍硬的木板，裁出一个直径约10厘米的圆，圆心处留一个可供一根竹签穿过的小洞。将圆分为16等分，每等分22.5°，并在画线上做上记号，然后用刀沿线切出一个小口并向外稍折出。受热空气就从此通过。圆的边缘切出若干个小角，折出，粘上刻有（挖空）各种自己喜欢的图案的长条道林纸（长约为上面圆的周长，宽约16厘米）。挖空图案的部分可在背面贴上各色彩色玻璃纸，这样就变成了彩色图案，会更加好看。（下面）缠一块小纸，托住圆纸，火焰笼就做成功了。""]","自动旋转灯有多种制作方法，常见的简易制作方式如下：
### 方法一：纸杯款
1. **材料**：纸杯2个、牙签1支、蜡烛1支、胶带1卷、绳子1根、剪刀1把。
2. **步骤**：
   - 取一个纸杯，在杯身对称位置各剪一个方形大口，杯底固定蜡烛作为底座；
   - 另一个纸杯在杯身等距剪出3-4个长方形扇叶，杯底中心穿绳子并用牙签固定作为上座；
   - 将两个纸杯上下对口用胶带贴牢，点燃蜡烛拉起绳子即可。

### 方法二：纸碗款
1. **材料**：纸碗、蜡烛、按扣、细铁签、底座、打火机、小刀。
2. **步骤**：
   - 找到碗底圆心扎孔，将碗底平均分成4或8份，以圆心为中心画半径1cm左右的小圆；
   - 沿等分线划开，中间小圆不划破，将按扣从碗内外按压固定，把转叶拉开相同角度；
   - 安装铁钎和蜡烛即可。

原理",0.4986737400530504,0.3643410852713178,0.7899159663865546,0.43501326259946954
107,平安银行信用卡提额方法,"[""持卡人在日常消费中可以尽量多用信用卡支付，尤其是增加大额消费的支出；在连续消费几个月之后，可以主动向银行提出申请，卡部会根据持卡人消费记录决定是否需要提高额度；主动向银行提供资产收入证明，且提供的证明材料越详细，收入越高，获得银行审批的信用额度可能就会越高；每月尽量按时全额还款。还款情况是信用卡记录的重要一项，持卡人应尽量避免因还款不及时而超出免息期支付利息，否则不但不利于提升信用额度，还有可能产生信用记录的污点；有大额消费的需求，可以临时向银行提出临时提升额度。"", ""每个月保持少额多刷，适当的来个分期，还款的时候按账单全额还掉，坚持一段时间，另外多刷带积分的机器，种类多一点。""]","平安银行信用卡提额可参考以下方法：
1. 申请时间：用卡3个月可申请临时额度，6个月可申请固定额度，正常半年可提一次，优质用卡可3个月循环提额。
2. 用卡技巧：多刷卡消费，增加大额、酒店类、带积分的多场景消费，每月尽量按时全额还款，可适当办理分期；持卡6个月以上可将固定额度用到剩10%后刷爆，出临时额度后将临时额度用到剩10%再刷爆，致电客服申请提固定额度，一般可提30%以上。
3. 辅助方法：主动提供更详细的高收入资产证明，也可按运营商对应短信通道发送“TL+期望额度”申请，提额结果以系统评定为准。",0.410958904109589,0.4090909090909091,0.41284403669724773,0.18264840182648404
108,梦幻西游雁塔地宫攻略,"[""进入地宫之后无需顾及周边的 NPC，直接去70，33挑战地宫守护兽。雁塔地宫壹层贰层白熊只会物理攻击难度不大。雁塔地宫叁层难度不大，天兵只会物理攻击。雁塔地宫肆层锦毛貂精：HS。难度不大。雁塔地宫伍层裸衣的 XX：即物理防御很低。此层有转盘奖励，获得的物品需要到达指定的楼层方可领取。雁塔地宫陆层难度不大。雁塔地宫柒层雨师：FC。雁塔地宫捌层坚韧的 XX：即物理防御较高。雁塔地宫玖层坚韧的 XX：即物理防御较高。雁塔地宫拾层强壮的 XX：即物理攻击较高。通关此层可以在地图内雕塑金身。名次排行前20名，每10层可雕塑一次。雁塔地宫拾壹层雁塔地宫拾贰层蚌精：会四大法术。（地狱烈火，奔雷咒）雁塔地宫拾叁层敏捷的 XX：即速度很快雁塔地宫拾肆层雁塔地宫拾伍层15层以上难度较大了。建议开鸟阵，点杀。有转盘奖励。雁塔地宫拾陆层雁塔地宫拾柒层聪慧的 XX：即法伤较高。雁塔地宫拾捌层狂豹：LBC。雁塔地宫拾玖层雁塔地宫贰拾层没有一速，建议点杀。""]","### 基础信息
- 时间：每天12:00—24:00
- 参与条件：等级≥50级，≥3人组队，挑战模式
- 入口：长安城(446,235)雁塔地宫守卫

### 玩法规则
1. 共100层，挑战每层守护兽成功可进入下一层，本服有队伍通关100层则30天后地宫重置。
2. 每次挑战消耗1把火把，重复挑战/失败也消耗；系统每天送3把，每日最多可买10把，火把最多累计15把。
3. 任务不受双倍/精修/回梦丹影响，死亡无损失。

### 奖励说明
- 常规奖励：经验、金钱，有概率获得高级内丹、特赦令牌、兽决、珍珠、星辉石、宝石、低内丹等。
- 转盘奖励：完成5的倍数层数挑战可获得奖励转盘，奖励需到指定层数领取，未领取的奖励和转盘次数在地宫重置后会消失。

### 通关要点
1. 进入地宫后直接前往坐标(70,33",0.2523364485981308,0.2988929889298893,0.2183288409703504,0.11526479750778817
109,蔡诗芸是富邦千金吗,"[""富邦集团是好乐迪集团的股东之一，加上这位新人又姓「蔡」，传闻宣传费无上限力捧的情形，让业界盛传蔡诗芸是富邦集团老板的千金，事实上蔡诗芸的背景并非如外界所传，阿尔发唱片坦承她「来头不小」！而这一切都是因为蔡诗芸丰富的人生历练与优越的条件让阿尔发唱片对这位新人寄予厚望。""]",关于蔡诗芸是否为富邦千金的说法仅为业界盛传，其背景并非如外界所传。,0.3006535947712418,0.7419354838709677,0.1885245901639344,0.23529411764705882
110,iso和gho安装系统区别,"[""ISO是镜像文件，需要虚拟光驱，就跟用光盘装差不多，GHO是备份文件，就是等于是还原电脑到这个备份上，GHO的方便性上比ISO好。"", ""gho，ghost用的文件；iso，光盘镜像文件。""]","1. 本质属性：ISO是光盘镜像文件，可直接刻录成系统安装盘，支持虚拟光驱加载；GHO是GHOST软件生成的硬盘/分区克隆备份文件。
2. 安装方式：ISO可解压后全新安装系统，也可刻录光盘安装，属于硬装，系统纯净无冗余，但安装耗时耗力；GHO通过GHOST工具直接克隆恢复系统，安装速度快，但可能存在驱动兼容性问题，且易携带垃圾文件。
3. 运行环境：GHO可在纯DOS环境下依靠GHOST程序独立完成系统安装/恢复，无系统也可操作；ISO一般需要进入现有系统加载，或刻录为光盘后引导安装。
4. 关联关系：GHO可制作成ISO文件，部分ISO文件解压后也包含GHO文件。",0.22580645161290322,0.1394422310756972,0.5932203389830508,0.1806451612903226
111,慢性荨麻疹能治好吗,"[""在压力大，身体抵抗力下降，以及周围有过敏源的情况下，会引起发病。所以那些外用药只能缓解痒的症状，真正根治还是要提高身体抵抗力，避免过敏源""]",慢性荨麻疹难以彻底治愈，但可以通过规范治疗、调整生活饮食习惯、提升免疫力等方式控制症状，减少复发频率，部分患者可实现长期不复发。,0.16666666666666669,0.1724137931034483,0.16129032258064516,0.08333333333333334
112,身份证查开房记录在哪里可以查到,"[""只要登记了，在派出所里都可以查到。""]",若入住宾馆时有登记相关信息且已进入管理网络，在派出所可以查到，但只有涉及到犯罪或者有犯罪嫌疑的才能依法查询，私人查询派出所不会受理。,0.2857142857142857,0.1774193548387097,0.7333333333333333,0.2597402597402597
113,因为配置标识不正确 请检查用户名和密码,"[""“组件服务”-“计算机”-“我的电脑”-“DCOM 配置”找到 MicrosoftWord 右键，属性，在 Identity 中把管理员的用户名密码加上就好了。""]","该问题的通用解决步骤如下：
1. 打开运行，输入Dcomcnfg.exe回车进入组件服务；
2. 依次展开组件服务-计算机-我的电脑-DCOM配置；
3. 找到对应报错的程序（如Microsoft Excel Application、Microsoft Word等），右键进入属性；
4. 标识项选择交互式用户，或是填入正确的管理员账号及密码；
5. 安全项中将启动和激活权限、访问权限设为自定义，编辑后给对应账户（如Administrators、NETWORK SERVICE等）的允许权限全部打勾，确定即可。
如果是.NET相关场景可尝试先运行aspnet_regiis.exe -i重新注册IIS，也可尝试使用安全工具进行修复。",0.3086053412462908,0.19402985074626866,0.7536231884057971,0.24925816023738875
114,桃花源记2五开方法,"[""开沙盘可以五开，不过一般的沙盘不行。"", ""星期一。5次秘境。一次FB。跳西瓜。直接124活跃。中间杀星杀星君和妖王。还有JX。活跃每天争取150。星期二。守护桃花源一般是20活跃。跨服。下棋。这就110了。守护10次。125。星期三。寻龙走起5次。48活跃，桃花24。每天必干就是65起步137。星期四。活动45，下棋10，FB一次125。星期五。一般都是守护到150，因为没事情干了。周末都很好到150活跃的。""]",可使用特殊的沙盘工具实现五开，普通沙盘不行。,0.5555555555555556,0.5,0.625,0.4444444444444445
115,深圳中考时间,"[""6月24日：上午，9:00-10:40语文。下午，14：00-15:30，英语。6月25日：上午，9:00-10:30，数学。下午，14：00-15:30，理化。16:30-17:30，历史。"", ""6月20日：上午，9:00-10:40语文。下午，14：00-15:30，英语。6月21日：上午，9:00-10:30，数学。下午，14：00-15:30，理化。16:30-17:30，历史。""]","不同年份深圳中考时间不同：
1. 2015年：体育5月5-20日，英语听说5月16-17日，语文、数学、英语、理化、历史6月20-21日；
2. 2017年有两种安排：
- 相关门户提及：九年级科目、八年级地理生物6月11-14日，八年级信息技术6月15日，英语口语听力6月16-17日；
- 考试吧、智康1对1发布：体育5月4-20日，英语听说5月20-21日，语文、数学、英语、理化、历史6月24-25日。",0.3524229074889868,0.2484472049689441,0.6060606060606061,0.23788546255506607
116,杭州地铁时间,"[""杭州地铁1号线：首末班车时间：湘湖06:09-22:40|下沙江滨06:04-22:35。杭州地铁1号线支线：首末班车时间：客运中心06:18-23:39|临平06:09-22:42。杭州地铁2号线东南段：首末班车时间：钱江路06:25-23:20|朝阳06:25-22:40。杭州地铁4号线：首末班车时间：近江06:26-23:15|彭埠06:22-22:51。"", ""调整后首末班车时间为：2月4日至2月16日，1、2、4号线运营时间为6:30-23:00，全天运营时间16.5小时；2月17日至3月4日，运营时间为6:30-22:30，全天运营时间16小时；3月5日至3月15日，运营时间为6:30-23:00。""]","### 常规运营时间：
1. 1号线：湘湖06:10-22:32，文泽路06:24-22:30；支线客运中心06:18-23:35，临平06:20-22:35
2. 2号线东南段：钱江路06:25:45-23:12，朝阳06:25:30-22:29:37
3. 4号线：近江6:29:21-22:58，彭埠6:30:18-22:30:48

### 2015年春运特殊调整：
- 2月4日-2月16日、3月5日-3月15日：1、2、4号线运营时间6:30-23:00
- 2月17日-3月4日：1、2、4号线运营时间6:30-22:30

时刻表仅供参考，建议提前到站，也可通过地铁官方",0.6057142857142858,0.5096153846153846,0.7464788732394366,0.4571428571428572
117,广州英语培训哪家好,"[""建议你报读全封闭式英语培训学校。广州有一家是专门做封闭式英语口语强化训练的学校，叫广州东方英文书院。这家培训机构从事全封闭英语教学17年。"", ""这个在新东方学英语最好。""]",广州常见的英语培训机构有新东方、汉普森英语、广州东方英文书院、艾思国际英语等，可根据自身需求选择：想针对性夯实英语基础可选择新东方；想学习成人定制化课程可选择汉普森英语；想要全封闭沉浸式学习英语口语可选择广州东方英文书院；想要性价比高的短期课程可选择艾思国际英语。,0.32978723404255317,0.25203252032520324,0.47692307692307695,0.2446808510638298
118,真人cs装备多少钱一套,"[""真人CS装备价格在1千多到2千多。看功能多少。"", ""3000元/套。""]",真人CS装备价格因类型、品牌、功能不同有所差异：BB类、镭射类、IPSC竞技类全套通常万元以上；铭恒的镭射激光装备价格为1千多到2千多；大连相关商家的镭射激光装备为3000元/套，具体可结合自身需求和产品档次选择。,0.28813559322033894,0.17525773195876287,0.8095238095238095,0.25423728813559326
119,一个手机号码可以注册几个qq,"[""一个手机号只能申请一个免费QQ号码。"", ""一个手机号码可以注册多个QQ。""]",关于一个手机号可注册的QQ数量，不同说法存在差异：有说法称一个手机号仅能注册1个免费QQ号；也有说法称可注册多个，但24小时内仅能申请1次，24小时后可再次申请。,0.3260869565217392,0.2,0.8823529411764706,0.2608695652173913
120,超b级和c级锁芯的区别,"[""确切来说目前还没有C级锁芯。通常所说的C级也就是超B级。"", ""区别就是开锁时间上的差异。"", ""目前锁芯分类只有A级、B级、超B级，还没有所谓的C级。""]","1. 国家标准层面：我国锁芯国家标准仅包含A级、B级，C级无国家统一标准，本质是企业自主制定的概念，市面上的C级锁实际就是超B级叶片锁，二者都需达到国家B级锁的基本要求。
2. 防盗性能：C级锁芯钥匙为双面双排子弹槽，熟练工5-20分钟可开启；超B级锁芯钥匙为双面双排带内铣槽，旁侧还有叶片或曲线，技术开启需270分钟左右，防盗性能更强。",0.17441860465116277,0.10067114093959731,0.6521739130434783,0.13953488372093023
121,三国无双哪个版本最好玩,"[""建议先玩第三版本，最经典。""]","这个问题可以根据自身需求选择：
1. 追求经典、玩法有挑战性可选3代；
2. 追求经典、剧情完善、打击感好可选4代；
3. 追求画质优秀、玩法炫酷、内容丰富可选7代；
4. 5代因取消C技改为连舞、模式少、游戏性较差，恶评较多，不推荐。",0.05825242718446602,0.03260869565217391,0.2727272727272727,0.05825242718446602
122,高一成绩差还来得及吗,"[""距离高考还有两年多时间。成绩差主要出在基础知识和学习习惯上。基础知识可以请老师补，学习习惯要帮助孩子养成，解决这两点，就没什么问题了。""]",高一成绩差是来得及的，距离高考还有两年多时间，只要有足够的觉悟，针对基础知识和学习习惯的问题查漏补缺、肯付出努力，是能够赶上来的。,0.48333333333333334,0.4915254237288136,0.47540983606557374,0.3833333333333333
123,未保存的excel如何恢复,"[""1、打开工作簿，单击文件；2、找到管理版本，鼠标放在管理版本处，会显示“恢复未保存的工作簿”。也可以直接点击上方“今天没保存时就关闭”，可以直接跳出当时不慎关掉的页面；3、单击还原；4、跳出如下框框，点击确定。就可以了。"", ""保存后，系统会每隔一段时间就把你的文档保存一次，可以到“工具”--“选项”--“保存”中设置，或者看看里面的“自动恢复文件保存位置”。"", ""1、打开一个excel表格，点击左上角的“文件”菜单。2、再打开的文件菜单中选择“信息”按钮。3、再打开的信息按钮视图中间选择“管理版本”。4、在打开的列表中选择“恢复未保存的工作薄”，就会打开excel表格的临时文件保存路径，在里面找到需要恢复的excel表临时文件，打开一个空白的excel表，直接将要恢复的临时文件拖拽到表里面打开即可。""]","可按以下方法尝试恢复：
1. 常规恢复：打开Excel，点击“文件-信息-管理版本”，选择“恢复未保存的工作簿”，找到对应临时文件打开后还原即可；若为意外断电/关闭，重启后打开Excel，可在左侧弹出的“上次未保存的项目”中选择恢复。
2. 手动查找临时文件：进入“C:\DocumentsandSettings\用户名\ApplicattonData\Microsoft”对应的Excel目录，找到扩展名为“.xar”的文件，将扩展名改为“.xls”后打开。

注意：主动关闭Excel且无自动备份的情况通常无法恢复，建议将自动保存间隔设置为更短的时间降低丢失风险。",0.46568627450980393,0.38,0.6012658227848101,0.3088235294117647
124,什么看图软件可以看psd缩略图,"[""这个软件就是2345看图王，综合考量了各种看图软件最后觉得这个软件使用起来最舒服，也没有广告，打开图片速度快。没有安装的时候，可看到电脑中PSD格式图片显示。安装完成后，就可以看到啦~虽然觉得有点丑丑的，不过还是蛮方便的。"", ""ASDsee可以打开PSD的图片，也可以显示PSD缩略图的（注：其实安装ASDsee占用磁盘空间很大，而且经常提示升级，只是一个看图软件，对于懂PS的人来说也没有什么作用。很麻烦，如果只想让PSD显示缩略图，就没有必要安装这个了。下载一个PSD显示缩略图补丁就可以了。""]",可以看psd缩略图的看图软件有2345看图王、ACDSee（含老版本、8.0等版本）、isee看图精灵、Adobe Bridge，也可安装PSD显示缩略图补丁实现查看。,0.4263959390862944,0.5675675675675675,0.34146341463414637,0.29441624365482233
125,如何去掉360导航主页,"[""电脑上打开360安全卫士，找到系统修复主页修复，将IE主页修改成喜欢的主页就可以了。""]","### 方法一：通过360安全卫士修改
1. 打开360安全卫士，进入「安全防护中心」，找到「浏览器防护-上网首页防护」，取消360安全网址导航的主页锁定；也可在360安全卫士的「系统修复-主页修复」中修改主页。
2. 打开IE浏览器，进入「设置-Internet选项-常规-主页」，设置为你想要的主页后确定。

### 方法二：手工处理（适用于快捷方式被篡改的情况）
1. 检查浏览器快捷方式的属性，若目标栏存在360导航相关内容，删除该快捷方式，到浏览器安装目录重新创建快捷方式。
2. 按下Win+R输入「regedit」打开注册表，搜索360导航相关内容，删除对应项。

### 方法三：修改注册表主页项
按下Win+R输入「regedit」回车，依次打开「HKEY_CURRENT_USER\Software\Microsoft\Internet Explorer\Main」，找到右侧「Start Page」键，将其值修改为你想要的主页即可。",0.16230366492146595,0.09037900874635568,0.7948717948717948,0.1518324607329843
126,成都做人流大概费用,"[""可能要一两千。""]",人流费用通常由术前检查、手术、术后消炎三部分构成，选择正规医院的话，成都地区总费用大概在一两千到两千左右，具体受手术方式、个人体质等因素影响存在差异。,0.0810810810810811,0.04411764705882353,0.5,0.0810810810810811
127,南京装修公司哪家靠谱njgzjz,"[""南京冠全装饰工程有限公司。"", ""南京装饰协会。""]",南京冠全装饰工程有限公司比较靠谱，它是集专业化设计与精湛施工、完善售后服务为一体的企业，凭借多年的行业经验在家居空间装修领域享有很好的口碑，可为客户提供从咨询、洽谈、设计到选材、施工、环保的全方位一站式服务。,0.22429906542056077,0.12631578947368421,1.0,0.22429906542056077
128,人民币美元汇率,"[""6.7507。""]",2017年6月12日国际汇率为1美元兑换6.7973人民币。,0.0,0.0,0.0,0.0
129,精液黄果冻状,"[""主要的原因在于，精液的重要组成部分精囊液，含有一种凝固因子，这种凝固因子，能够让原本并不黏稠的精液，变得黏稠起来。"", ""精液呈黄色可能是长期没有性生活或者性生活过度造成的，经常频繁的手淫也会导致精液变黄色，正常的精液颜色一般都是白色的，如果精液呈果冻状态可能是精子不液化了。精子排出体内后超过半小时还呈果冻状态的一般就是精子不液化了，所以需要注意改善。"", ""正常精液射出体外后，在精囊分泌的凝固酶的作用下，呈稠厚的胶冻状，射出体外10到20分钟后在前列腺分泌的纤维蛋白溶解酶的作用而液化，变的较为稀薄。""]",该情况一般是精子不液化，通常和长期禁欲、手淫或性生活过度、前列腺发炎有关，平时要避免手淫过度、抽烟喝酒久坐熬夜，可多吃瘦肉、海参、牡蛎等补精食物，配合养精三宝调理，一般2-6个月可逐渐恢复。若长期无改善，建议及时就医检查。,0.3091787439613526,0.32989690721649484,0.2909090909090909,0.18357487922705315
130,60hz和75hz的区别,"[""75Hz的刷新率要比60Hz的刷新率高，这是唯一的区别。""]",75Hz刷新率比60Hz更高，显示的图像稳定性、清晰度更好，屏幕更不容易闪烁，更能保护眼睛。,0.41791044776119407,0.34146341463414637,0.5384615384615384,0.41791044776119407
131,通用串行总线usb控制器出现叹号,"[""应该是，有某个USB设备的驱动没有安装好或者有损坏所致。1、下载驱动精灵安装，然后用驱动精灵扫描检测出，电脑有哪些的驱动没有安装好，在下载相应的驱动安装就可以解决了。2、若还没有解决，看看电脑是否插着外置的USB设备，若有，到该设备官网下载型号一致最新版本的驱动安装就可以解决了。3、若是笔记本，建议到笔记本官网下载最新版本的 主板、USB等设备驱动安装。重启电脑看看是否解决。"", ""1、 “开始菜单”－“运行”－输入命令：regedit，打开系统注册表。依次展开下面的注册表项：HKEY_LOCAL_MACHINE\\;SYSTEM\\CurrentControlSet\\Control\\Class\\{36FC9E60-C465-11CF-8056-444553540000}2、在右面窗口找到“upperfilter”项或“lowerfilter”项，并删除，然后进入设备管理器中把通用串行总线控制器下面的所有带叹号的设备都卸载掉。在设备管理器的菜单中，点“操作”－“扫描检测硬件改动”，让系统自动重装一下驱动即可。3、另外补充：造成这种现象的原因，是由于量产工具自带的驱动造成的，并且一般量产工具也都提供驱动卸载的功能。所以在量产完成后，执行驱动卸载工具，把量产工具自带的驱动卸载掉，即不会发生此现象。""]","1. 驱动问题：可用驱动精灵扫描安装缺失驱动，也可到设备/笔记本官网下载对应型号的主板、USB驱动安装；或在设备管理器右键黄色叹号设备，选自动更新驱动，若本地无驱动则自行下载后指定路径安装。
2. 注册表修复（使用过量产工具适用）：打开注册表展开HKEY_LOCAL_MACHINE\SYSTEM\CurrentControlSet\Control\Class\{36FC9E60-C465-11CF-8056-444553540000}，删除upperfilter或lowerfilter项，卸载设备管理器中所有带叹号的USB设备，再扫描检测硬件改动让系统自动重装驱动；也可直接卸载量产工具自带驱动。
3. 其他排查：尝试将USB设备插机箱后置接口，排查接触不良、USB供电问题。",0.6346153846153846,0.66,0.6111111111111112,0.5096153846153846
132,天目湖旅游攻略,"[""一、第一天先到酒店办理入住，稍作休息之后带好泳衣、钱包前往御水温泉泡温泉。泡完温泉在御水温泉附近的农家乐、酒店享用\""天目湖三白\""或者简餐、大排档，晚上回酒店，一夜好眠。第二天，早上早起，酒店吃早餐，进南山竹海，乘坐地缆游玩民俗文化村、乘坐空中缆车可攀登吴越弟一峰撞钟祈福，之后回寿星广场，步行或乘小火车回到景区门口。在附近用餐后，踏上返程。二、第一天到御水温泉，下午or晚上泡温泉，晚上在外面附近的农家乐吃\""天目湖三白\""，推荐飨菜馆（御水温泉客栈旁），也可以在外面农家乐吃夜宵大排档，入住御水温泉酒店or周边农家乐。第二天，吃早餐，然后乘车到山水园游玩，结束后出景区，可到对面五星级饭店——天目湖宾馆吃正宗鱼头，或回市里吃午餐。下午踏上返程。"", ""游览路线：上午进天目湖山水园3个小时左右（主要景点：状元阁、海底世界、游船、动感电影、乡村田园、龙兴岛、杂技园、天目茶苑、逍遥桥、水上自行车等等）；中午品尝砂锅鱼头、农家土菜；下午可以去太公山、报恩寺、开车在湖边转转，晚上提早点吃个便饭（不要太饱），再驱车去天目湖御水温泉（约20分钟车程）泡温泉，行车路途中正好消化晚餐。晚上泡温泉泡个三四个小时聊聊天，晚上住在温泉附近的宾馆，天目湖山水园景区共分为四大板块：湖里山、龙兴岛、乡村田园、山水绝佳。乡村田园：顾名思义，这里充满着浓郁的乡村田园气息。远远看去，就像一只巨龟静卧在天目湖上，因此又被称为“龟岛”。岛上放养了一百多只可爱的小猕猴，故又称“猴岛”。第二天玩南山竹海4个小时（主要景点：小鸟天堂、熊猫园、鸡鸣村、吴越第一峰、寿星广场等等），下午回家。""]","### 行程推荐
1. **一日游**：上午游览山水园，乘坐游船登龙兴岛，中午去天目湖宾馆品尝正宗砂锅鱼头，下午返程。
2. **二日游**：
    - 玩法1（养生）：Day1下午到御水温泉泡汤，在周边农家乐吃“天目湖三白”后入住；Day2上午游南山竹海，坐地缆逛民俗文化村、乘空中缆车登吴越弟一峰，下午返程。
    - 玩法2（享乐）：Day1到御水温泉泡汤，周边就餐入住；Day2上午游山水园，到天目湖宾馆吃鱼头后返程。
    - 玩法3（情调）：Day1游山水园，傍晚赏天目湖落日，晚上到御水温泉夜泡后入住；Day2上午逛南山竹海，漫步静湖，下午返程。

### 贴士
- 山水园建议乘游船游玩，龙兴岛登山耗费体力，可按需选择；南山竹海缆车往返70元，竹筏20元/人，风景较好。
- 温泉不要泡太久避免缺氧，建议按冲淋-汗蒸-室内池-低温",0.43185840707964607,0.43109540636042404,0.4326241134751773,0.24424778761061947
133,套筒扳手规格,"[""套筒扳手一般称为套筒:它是由多个带六角孔或十二角孔的套筒并配有手柄、接杆等多种附件组成，特别适用于拧转地位十分狭小或凹陷很深处的螺栓或螺母。套筒有公制和英制之分，套筒虽然内凹形状一样，但外径、长短等是针对对应设备的形状和尺寸设计的，国家没有统一规定，所以套筒的设计相对来说比较灵活，符合大众的需要。套筒扳手一般都附有一套各种规格的套筒头以及摆手柄、接杆、万向接头、旋具接头、弯头手柄等用来套入六角螺帽。套筒扳手的套筒头是一个凹六角形的圆筒；扳手通常由碳素结构钢或合金结构钢制成，扳手头部具有规定的硬度，中间及手柄部分则具有弹性。"", ""套筒扳手规格总体在国内来说由于和国外的通用计算方法不同，而 导致的产品规格说明不同，在国内由于套筒扳手是按照国内的计算单位来计算的，称为公制，而在国外的则以英国的计算单位为准，则被称为英制。由于公英制换算是有一些省略型的尾数因此导致了产品的规格的大小有一些区别，但是一般来说还是通用的。根据国内外换算单位的不同，相对于所造出来的机器也是不同的，因此也造成了需要的套筒扳手也有些不同了，但是一般套筒扳手是用于汽车维修和机器维修的比较多，因此在国内只需要购买公制产品就可以使用了，除了一些个别有国外引进的新兴设备。""]",套筒扳手规格分公制和英制，按长度可分为普通型(A型)和加长型(B型)；其四方口连接端英制规格为1/4、3/8、1/2、3/4，对应公制为6.3mm、10mm、12.5mm、19mm；另一端有6角、8角、12角，需适配螺母形状尺寸。,0.2208955223880597,0.4065934065934066,0.15163934426229508,0.11343283582089553
134,佳能100d和1300d哪个好,"[""佳能100d好。""]",佳能100D更好，它定位为高端入门APS画幅单反，影像处理器、感光度上限、连拍速度、屏幕规格都优于定位入门的1300D，机身也更轻巧，综合性能更强。,0.19178082191780824,0.10606060606060606,1.0,0.19178082191780824
135,手机上的视频怎么在电视上播放,"[""方法一、电视机有USB接口1、手机通过USB数据线直接连接电视，在电视的菜单中，找到手机内存卡上的视频，进行播放。2、把手机里面的视频拷贝到u盘，u盘插入电视，进行播放。方法二、电视机没有USB接口，但是有支持USB播放功能的DVD【EVD什么的支持USB功能的都可以】播放机。手机通过数据线连接DVD播放机，dvd播放机连接电视机，打开文件夹中的视频文件，点击播放即可。"", ""1、确保手机和电视机都连接在同一局域网内。2、打开电视机，进入系统设置界面，找到通用设置选项下的多屏互动功能，按确认键进入，将多屏互动功能打开，使电视机处于待连接状态。3、接着在手机上下载、安装投屏神器app或者其他多屏互动软件。4、安装完成后，打开多屏互动软件，点击添加设备，开始搜索局域网内可连接的设备，找到电视机的名称后，点击连接即可;如果没搜到电视机的名称，则可以手动输入电视机的IP地址进行连接。5、连接成功后，打开多屏互动软件的无线传屏功能，把手机上播放爱奇艺电影，电影的画面和声音就可以无线同步传输到电视机播放出来。""]","要根据电视的类型和接口情况选择对应方法：
1. 普通电视有USB接口：可直接用USB数据线连接手机和电视，在电视菜单中找到手机里的视频播放；也可将视频拷贝到U盘后插入电视播放。
2. 普通电视无USB接口：可连接支持USB播放功能的DVD/EVD等播放机，手机通过数据线连接播放机，再将播放机连接电视后选择视频播放；也可将视频刻入光盘，通过VCD/DVD播放。
3. 支持多屏互动的安卓智能电视：让手机和电视连同一局域网，打开电视的多屏互动功能，手机安装多屏互动软件连接电视后，使用无线传屏功能即可同步播放手机视频。

另外注意提前确认电视支持的视频格式，不兼容的要提前转码。",0.6226415094339622,0.5136186770428015,0.7904191616766467,0.4716981132075472
136,光明大陆开服时间,"[""3月31日正式公测。""]",光明大陆iOS和安卓新服通常每日早上九点更新，已公布的开服信息为：iOS首批服务器最早于3月27日12:00开启，后续服务器多在10:00、12:00等时段开放；安卓首批服务器于4月6日10:00起陆续开放。,0.0970873786407767,0.05319148936170213,0.5555555555555556,0.07766990291262137
137,营业执照网上申报,"[""1.登陆全国企业信用信息公示系统：http://gsxt.saic.gov.cn。2.查到所在省市点击进入。3.点击【企业公示信息填报 】。4.选择【新用户注册】。5.按要求填写信息，点击【验证】，验证通过后再旁边设置密码，然后选择登陆。6.登陆需要填写手机号接受验证码，验证码来得比较慢。7.登陆后选择【年底报告在线填报】，选择【2014年度】。8.按要求填写，可以选择是否对外公示。9.填写完毕保存并下一步，来到出资情况这块点击【添加】将各个股东的出资时间填上。10.【保存并下一步】资产状况这块让贵公司会计出具上一年度的资产负债表及损益表，按要求填写，可选择是否公示。11.【保存并下一步】来到对外提供保证担保信息，如果没有可以【保存并下一步】。12.下一步来到党建信息。13.再下一步到了预览并公示，查看下如果没有错误就选择【提交并公司】。14.提交以后再到企业信用网查询你公司信息就能查看年报信息了。"", ""进入网页：1、百度搜索“信用公示系统”，进入系统。 2、选择“河南” 。三、未注册的请注册。1、点击“企业联络员注册” 。2、填写内容并保存。 ①注册号只有15位，副本上注册号只填前15位数字 ②注册时使用的是老身份证号码的，填新号码无法通过。一般情况下，新身份证号去掉第8、9位和最后一位数字就是老身份证号。也可以到营业执照原工商注册部门备案新身份证号。 ③联络员可以不填写负责人。但是为了便于记忆，推荐填写负责人 ④联络员手机号可以不填写负责人的。必须能够接收短信。 ⑤联络员证件号和手机号切勿填错。如果填错并忘记了造成无法登录，目前尚无法解决。3、保存后显示“恭喜您，注册成功”。""]","1. 登陆全国企业信用信息公示系统，选择所在省市进入；
2. 点击【企业公示信息填报】，新用户按要求完成注册，密码建议用注册号后6位；
3. 登录时填写手机号接收验证码后进入系统；
4. 选择对应年度的年底报告在线填报，按要求填写信息，可自主选择是否对外公示；
5. 依次填写出资情况、资产状况、担保信息等内容，每步完成后保存并下一步；
6. 所有信息填写完毕核对无误后，提交并公示即完成申报。
注：2014年工商改革后原年检已改为年报，若往年未填报需先补报，再报送当年年报。",0.5176908752327747,0.6984924623115578,0.41124260355029585,0.4059590316573557
138,笑的成语,"[""倚门卖笑、嫣然一笑、嘻皮笑脸、强颜欢笑、谈笑自若、嬉皮笑脸、浪笑傲、含笑九泉、见笑大方、声音笑貌、回眸一笑、笑比河清、胁肩谄笑、冁然而笑。""]",常见的和笑有关的成语有：倚门卖笑、嫣然一笑、嘻皮笑脸、强颜欢笑、谈笑自若、嬉皮笑脸、谑浪笑傲、含笑九泉、见笑大方、回眸一笑、笑比河清、胁肩谄笑、冁然而笑、抚掌大笑、付之一笑、拈花微笑、鹊笑鸠舞、嬉笑怒骂、一颦一笑、不苟言笑、眉开眼笑、啼笑皆非、莞尔而笑、喜笑颜开、哑然失笑、笑里藏刀、笑逐颜开、哄堂大笑、破涕为笑、一笑千金、捧腹大笑、笑而不答、一笑百媚、眼笑眉飞、谈笑风生、笑容可掬、似笑非笑等。,0.4837209302325581,0.325,0.9454545454545454,0.4744186046511627
139,5万的别墅木屋有多大,"[""总面积大概就是四十多平方。""]",根据文章1，5万的别墅木屋总面积大概为四十多平方。,0.5714285714285714,0.43478260869565216,0.8333333333333334,0.5714285714285714
140,自创唯美又好听的书名,"[""墙外花火、学园外的纸月亮、游方书生。"", ""河塘月色。"", ""歌尽桃花、何以笙箫默、似水繁华若蔷薇、谁许你、浮欢锦年、彼岸、时光祭、落花时节又逢君、花开半夏、浮生落羽冷轻寒、酌尽桃花尽嫣然、半夏锦年、夏至未至、梦里花落知多少、等待、是朵不见开的花、谁的等待，恰逢花开、泡沫之夏、佳期如梦、不负如来不负卿。""]","墙外花火、学园外的纸月亮、游方书生、河塘月色、歌尽桃花、何以笙箫默、似水繁华若蔷薇、谁许你、浮欢锦年、彼岸、时光祭、落花时节又逢君、花开半夏、浮生落羽冷轻寒、酌尽桃花尽嫣然、半夏锦年、夏至未至、梦里花落知多少、等待、是朵不见开的花、谁的等待,恰逢花开、泡沫之夏、佳期如梦、不负如来不负卿、七夜雪、幻城、犹记惊鸿照影、木槿花西月锦绣、浅墨浓香、彼岸,时光祭、花架蔷薇、燕过一帘秋、蔓蔓青罗、犹记惊鸿照影来。",0.7518796992481204,0.6024096385542169,1.0,0.7518796992481204
141,熔弹之气息为什么刷不出来,"[""多刷几次普鲁兹发电站。"", ""先刷冒险级不出就刷其他图一次再刷噩梦或王者。"", ""打掉三个控制器，再去BOOS。""]",可能的原因如下：1.任务材料栏已满，无多余空间；2.未按业火、熔弹、闪电、虚空的顺序获取材料；3.刷普鲁兹发电站时未打掉三个控制器；4.未开通任务助手，获取材料概率较低；5.接了其他相关任务，影响物品掉落；6.刷的次数不足。,0.17475728155339806,0.0967741935483871,0.9,0.15533980582524273
142,真菌感染用什么药膏,"[""可以外用达克宁膏或派瑞松膏治疗。"", ""外用抗真菌药物治疗如克霉唑软膏、酮康唑软膏、硝酸咪康唑软膏等。"", ""可以使用盐酸环丙烷沙星乳膏。""]",常用的抗真菌药膏有联苯苄唑乳膏、特比萘芬乳膏、硝酸咪康唑乳膏（达克宁）、派瑞松、克霉唑软膏、酮康唑软膏、皮康王、曲安奈德益康唑乳膏、盐酸环丙烷沙星乳膏等。用药前建议先就医明确诊断，遵医嘱规范使用。,0.3893805309734514,0.25882352941176473,0.7857142857142857,0.336283185840708
143,健身蛋白质摄入量,"[""健身人群每天每公斤体重需摄入2克蛋白质，下午训练前30分钟，补充蛋白粉30克（溶于温水，脱脂牛奶）中饮用。训练后：补充40克蛋白粉，微温水或奶冲服。"", ""蛋白质的摄取，有个公式是1.6-2克/每公斤体重。""]",普通人群每日每公斤体重摄入0.8-1克蛋白质；健身人群根据运动类型有所区别：耐力训练者每日每公斤体重摄入1.2-1.6克，力量训练者每日每公斤体重摄入1.6-2.5克，进行能量控制的抗阻力训练运动员可按每公斤瘦体重2.3-3.1克的标准摄入。非锻炼日可适当降低摄入量，同时需注意避免补充过量加重肾脏负担。,0.2914572864321608,0.21641791044776118,0.4461538461538462,0.21105527638190957
144,营改增简易计税方法,"[""一般纳税人销售其2016年4月30日前取得（不含自建）的不动产。一般纳税人销售其2014年4月30日前自建的不动产。""]","营改增后，简易计税方法应纳税额为销售额×征收率，不得抵扣进项税额，适用情况如下：
1. 适用主体：小规模纳税人一律采用；一般纳税人发生特定应税行为可选择适用。
2. 征收率及常见项目：
- 3%征收率：小规模纳税人销售货物、劳务、多数服务、无形资产；一般纳税人提供公共交通运输服务、动漫企业相关服务、电影放映/仓储/装卸搬运/收派/文化体育服务、清包工/甲供工程/建筑工程老项目的建筑服务、试点前开工的高速公路通行费、特定农村金融机构金融服务等。
- 5%征收率：小规模及一般纳税人销售/出租2016年4月30日前取得的不动产、房地产开发企业销售自行开发的房地产老项目、劳务派遣/人力资源外包服务选择差额纳税的、转让2016年4月30日前取得的土地使用权、试点前的不动产融资租赁服务等。
- 优惠征收率：个人出租住房5%征收率减按1.5%计税；销售自己使用过的固定资产、旧货3%征收率减按2%计税。
3. 差额计税",0.2506265664160401,0.14492753623188406,0.9259259259259259,0.20050125313283207
145,论文访谈记录怎么写,"[""问题1：您是如何找到实习单位的现在工作的。问题2：应聘应注意哪些问题，面试有什么技巧。问题3：你被面试时被问到问题有哪些。问题4：这次面试给予你体验是什么。问题5：最后，关于专业课和对我们将要毕业的师弟师妹，你有什么建议。""]","你可以参考生涯人物访谈记录的结构来撰写，具体如下：
1. 开篇写明访谈基本信息：包含访谈时间、访谈方式、被访谈人基本信息（学历、专业、现任职务等）。
2. 整理访谈内容：按照问答形式梳理访谈的问题与对应的回答。
3. 最后补充活动感受：总结访谈得到的收获、相关启示，以及对自身的参考价值。",0.2119815668202765,0.19327731092436976,0.23469387755102042,0.11059907834101382
146,呼吸声重是什么原因,"[""一般的情况下特别是肥胖的人的软腭下垂容易引起呼吸道不通畅，有的时候你可能没有一定的感觉，也不排是呼吸道的病变。"", ""人在清醒情况下呼吸声音大,不一定是因为患有鼻炎一般,性情开朗,精神振奋的人,呼吸声音都较其他人要大.一旦环境安静下来,大家就有可能发现其呼吸声音较大。另外,患有鼻炎的人呼吸声音主要源于呼吸时的气流不畅通,因此,可以听音辨症,知道是不是有呼吸系统疾病。"", ""考虑和慢性支气管炎或者心脏不好有关系。""]","### 生理性原因
1. 运动、高海拔环境、密闭空间呼吸高浓度二氧化碳等刺激通气增加；
2. 性格开朗、精神振奋，呼吸力度大；
3. 肥胖、睡姿不当，呼吸道受压迫；
4. 运动量少，肺活量不足。

### 病理性原因
1. 鼻炎、扁桃体肿大、软腭下垂、呼吸道病变等导致气道不通畅；
2. 哮喘、肺气肿、肺心病、慢性支气管炎等肺部疾病；
3. 心肌供血不足等心脏相关疾病；
4. 睡眠呼吸暂停综合征，上呼吸道梗阻或呼吸中枢障碍。

此外，长期吸烟导致肺火大也可能引发呼吸声重。",0.3103448275862069,0.2542372881355932,0.39823008849557523,0.17241379310344826
147,伴奏下载哪个网站好,"[""http://www.wo99.net/ ，http://5sing.kugou.com/和http://www.fcmp3.com/ 。"", ""http://www.wo99.net/ ，http://5sing.kugou.com/和http://www.fcmp3.com/ 。"", ""http://www.wo99.net/ ，http://5sing.kugou.com/和http://www.fcmp3.com/ 。""]","可选择的伴奏下载网站有这些：
1. wo99伴奏网：域名现为http://www.wo99.net/，资源免费；
2. 5sing：网址为http://5sing.kugou.com/，伴奏资源较全；
3. 伴奏中国：资源数量多，是专业歌手常用的网站；
4. 秀网：提供原版伴奏，无需注册；
5. fcmp3.com：也是可选的伴奏下载站点。",0.4571428571428572,0.3125,0.851063829787234,0.44571428571428573
148,excel 方差公式,"[""在单元格中上地址栏输入=STDEVP（单元格），这个STDEVP就是计算标准差的函数。""]",计算样本方差可使用=VAR(数据区域)，计算总体方差可使用=STDEVP(数据区域)^2。,0.2972972972972973,0.3055555555555556,0.2894736842105263,0.21621621621621623
149,you are welcome 缩写,"[""wlcm。"", ""yw。"", ""uw。""]",you are welcome常见的缩写为uw，而You're是you are的通用缩写，不建议缩写为U'R WC，易产生歧义。,0.0,0.0,0.0,0.0
150,桃花怎么折,"[""取一张正方形纸，先对折。把左边的角上下分别对折，把右侧的角与对角线的交点对齐。再把角向右对折，把左边的边也向右对折。翻过来对折后，用剪刀沿内侧的边剪掉如图。打开后，按照折痕向里折成为不规则四边形。把所有的平分压平如图。把上侧的角上下对折，然后拉开压平。再次打开，把外侧的边折到里边去。所有的角折好后拉开如图。把底边向上折，其他底边同样操作。出现无五星的形状，把花瓣用手指撑开就做好了。"", ""准备一张正方形彩色纸，折出两条中心线，折出两条对角线，跟着折痕往中间压，压平后如下图，旋转一下，把角往上折一下，留出来一些小心铺开成下图，根据折痕捏成下图，将正方形的两边向内进行挤压，轻轻的顺着折痕做就可以，跟着折痕做好将会得到如船形的效果，立起来，把4个角拉开些弧度就完成了，跟蝴蝶放一起。""]","### 普通五角桃花折法：
取正方形纸对折，左侧角上下分别对折，右侧角对齐对角线交点，角向右对折，左边也向右对折，翻面后沿内侧边剪掉多余部分，打开后按折痕向里折成不规则四边形，压平所有平分部分，上侧角上下对折后拉开压平，再次打开将外侧边向里折，所有角折好后拉开，底边向上折，撑开花瓣即可。

### 四角杨桃花折法：
取正方形彩纸，折出两条中心线和两条对角线，沿折痕向中间压平，旋转后将角向上折留部分余量，小心铺开后沿折痕捏型，将正方形两边向内挤压成船形，立起后把4个角拉出弧度即可。",0.5894736842105263,0.5384615384615384,0.6511627906976745,0.5210526315789474
151,电信网关如何连接无线路由器,"[""1. 任取一个光猫的网口用网线连接到无线路由器的WAN口上。2. 由于光猫的默认地址为192.168.1.1，所以无线路由器的LAN口需要配其他网段的地址。3. WAN口设置。由于换成光纤后拨号方式改变，已不需要像ADSL通过PPPOE拨号，所以需要在无线路由器的网络参数-WAN口设置-WAN口连接类型：选择静态IP-IP地址：设置成192.168.1.X（需要与光猫的192.168.1.1同网段即可。注意：此处不能设置成192.168.1.1或者192.168.1.255）-子网掩码：255.255.255.0-网关：为光猫的IP即192.168.1.1-数据包MTU：为1500-DNS服务器：设置为光猫的IP即192.168.1.1。""]","1. 用网线连接电信网关的LAN口与无线路由器的WAN口；
2. 修改无线路由器LAN口IP为与电信网关不同网段（如网关是192.168.1.1，路由器可设为192.168.2.1），避免IP冲突；
3. 若网关为路由模式并开启DHCP，路由器WAN口设为自动获取IP；若网关为桥接模式，路由器WAN口设为PPPoE并填写宽带账号密码。",0.48426150121065364,0.6944444444444444,0.37174721189591076,0.2905569007263923
152,韩国有vvc这个品牌吗,"[""是韩国专业做防晒技术产品的，免税店都有上架"", ""这个是国产品牌，打着韩国名义，所有说能代购的全是骗子，品牌是在浙江金华，产地也是在浙江金华""]","目前关于VVC的品牌归属存在两种说法：
1. 有信息称VVC是国产品牌，注册地和产地都在浙江金华，创始人是浙江金华人，并非韩国品牌，声称可代购韩国VVC的均为虚假宣传。
2. 也有信息提及VVC是韩国专业防晒品牌，韩国免税店、商场有上架。",0.39999999999999997,0.27884615384615385,0.7073170731707317,0.22068965517241382
153,肚子不舒服,"[""1、喝杯热牛奶。热牛奶要热热的喝，并且多喝一些，喝一点不怎么管事，如果是肚子疼，都会起到很好的缓解作用。热牛奶进到胃口中，会形成保护膜，并且起到很好的暖胃，驱寒的作用。2、喝热茶。肚子不舒服多喝一些热茶，会舒服很多，热茶有暖身的效果，也有帮助消化的功效。但是如果是肚子疼，则不宜选择喝茶。3、喝面疙瘩汤。面疙瘩汤养胃、安神、热热的喝上一大碗，会起到很好的暖胃，驱寒、去痛的效果。如果是肚子疼，面疙瘩汤的配料就不要下西红柿和黄瓜，要下鸡蛋和葱花。4、暖水袋。喝些热饮之后，配上暖上袋，里外一同，好的快，或者是能缓解很多。5、盖被子。上面的方法，再配合上盖被子睡上一觉，基本上睡醒就好了。但是要继续注意调理自己的胃口，调理自己的饮食。6、吃药品。如果是消化不好，可以选择一些助消化的药品。如果是肚子疼，那么去看看大夫，或者是吃些雷贝拉唑钠肠溶片。"", ""一、肝门部胆管癌、二、肝胆管结石、三、急性胰腺炎、四、慢性胰腺炎、五、损伤性胆管狭窄、六、恶性胰腺肿瘤、七、肝脏肿瘤、八、良性胰腺肿瘤。"", ""一、少吃油炸食物。二、少吃腌制食物。三、少吃生冷食物刺激性食物。四、规律饮食。五、定时定量。六、温度适宜。七、细嚼慢咽。八、饮水择时。九、注意防寒。""]","如果是饮食不当、受凉等导致的轻微不适，可适量喝热牛奶、热茶、面疙瘩汤、参汤等暖身驱寒，用暖水袋热敷腹部，盖被休息，消化不好可服用助消化药，也可适当按摩腹部、喝热水缓解。
若伴有腹泻可服用佩托-比斯摩、易蒙停；痛经导致的不适可服用布洛芬、爱得卫；胃食管反流可服用奥美拉唑；恶心可喝生姜茶；胀气可少吃盐和易产气食物，适量喝含益生菌的酸奶。
如果频繁出现不适、疼痛剧烈或伴有黄疸、发热、消瘦、持续不缓解等症状，需及时就医，排查是否为胆管癌、胰腺炎、肝胆管结石、肠胃炎等疾病，对症治疗。",0.2965779467680609,0.3786407766990291,0.24375,0.14448669201520914
154,欧联决赛2017决赛时间,"[""2017年6月3日。""]",2017年5月25日。,0.7368421052631577,0.7,0.7777777777777778,0.7368421052631577
155,白茯苓面膜的危害,"[""1、过多敷用可能导致小便次数过多。2、肾虚患会加重疾病症状，甚至出现滑精等情况。3、常常容易口干以及气虚体弱的患者应该避免敷用。""]","1. 若为美白类的白茯苓睡眠面膜，可能存在铅汞含量超标的风险，长期使用不利皮肤健康。
2. DIY白茯苓面膜若搭配白芷，使用后遇光线照射容易导致皮肤变黑；且使用前需先测试皮肤耐受性，否则可能引发皮肤不适。
3. 白茯苓本身对皮肤无不良影响，但市售的白茯苓面膜产品本身可能存在其他风险。",0.1318681318681319,0.096,0.21052631578947367,0.07692307692307693
156,未满14岁杀人怎么判,"[""如果未满14周岁孩子杀人的，未达到刑事责任年龄要求，不构成犯罪，当然就不会被判刑，但应责令他的家长或者监护人加以管教；在必要的时候，也可以由政府收容教养。"", ""不判刑。但是以后家长要严加管教，在必要的时候，也可以由政府收容教养。赔钱的民事责任依据法院的判决认定。"", ""14是未成年，不负法律责任的。就是不会坐牢，会进劳教所。""]",未满14周岁的人杀人未达到刑事责任年龄，不构成犯罪，不会被判刑，应责令其家长或者监护人加以管教，必要时可由政府收容教养，其监护人需承担相应的民事赔偿责任。,0.7659574468085106,0.7605633802816901,0.7714285714285715,0.7375886524822696
157,马晓晨怎么死的,"[""官方讣告写的是“因故去世”，网上传言是因为抑郁症跳楼。""]",官方工作室仅在讣告中说明其于2016年12月24日“因故离世”，未公布具体死因，有非官方说法称其死因为坠楼。,0.3157894736842105,0.23529411764705882,0.48,0.3157894736842105
158,胃镜检查痛苦吗,"[""胃镜是属于侵入性操作，对身体是有不适的。普通的胃镜检查是有痛苦的，""]",普通胃镜会有一定不适感，在通过咽喉进入食道时较为不舒服，具体感受存在个体差异，检查时充分放松配合医生可减轻不适；也可选择无痛胃镜或胶囊胃镜，基本无痛苦。,0.3,0.21428571428571427,0.5,0.2
159,开眼视频怎么下载,"[""直接点缓存不就行了。"", ""目前无法下载。"", ""缓载后去文件夹找到eyepetizer文件夹然后进入download找到那个文件，但是这个不是mp4格式，然后把文件放到电脑，直接重命名改成名字+.mp4。""]",可以先缓存视频，之后在文件管理中找到eyepetizer文件夹，进入download目录找到缓存文件，将该文件转移到电脑后，重命名添加.mp4后缀即可。目前也有说法称开眼视频无法直接下载。,0.6163522012578615,0.5632183908045977,0.6805555555555556,0.5534591194968554
160,测生男生女最准的方法,"[""1.孕早期胎囊是椭圆形的，据说这是生女孩的特征，但是看来显然不准。2.孕期爱吃水果和蔬菜，不怎么爱吃肉，据说这样也会生女孩，显然不准。3.整个孕期都没有脚肿，印证了生男不肿，生女肿这句话。 4.胎心率一开始150左右，临要分娩前停留在130多左右，印证了男性心跳速度慢于女性的说法。5.经常会有胎梦，是一些小动物，每天早上醒来都会好奇地查一下周公解梦，每次都预示生男孩。6.妊娠线一直延伸到两胸之间，也很直，越到后期就变得越黑，而且上面长出了难看的黑毛。这是典型的生男孩的特征。7、左侧乳晕比右侧乳晕颜色深生男孩。"", ""1、按女方实岁年龄计算。2、怀孕月份以女方月经期间后开始测算时间为农历。"", ""1、B 超图分辨男孩女孩性器官。2、国外新奇小肿块原理。3、肚形看。""]",目前并无科学依据能支撑民间流传的各类预测生男生女的方法的准确性，最科学准确的是B超检查，但我国明令禁止非医学需要的胎儿性别鉴定。,0.16027874564459932,0.3770491803278688,0.10176991150442478,0.07665505226480837
161,豆芽怎么发,"[""首先，准备适量绿豆，放在清水里泡24小时；准备一个可乐瓶子，剪去上端，在底下打4个空，将泡好的绿豆放在里面；准备一块可以吸水、可以避光的布，为的是使绿豆不接触光线和保湿；注意可以吸水是因为要保持绿豆的湿润环境。由于当时发绿豆的时候用了一大一小可乐瓶，下面用小瓶的继续介绍。注意将包瓶子用的布减去合适的部分，留着一部分可以封住瓶顶。用一块重物压在瓶子顶部的布上面，将可乐瓶放在比较温暖的地方。每2天取出来整个过水一次，过水要过透。根据实际温度和湿度情况，等若干天，豆芽就发好了。打开包着瓶子的布就能看到全貌，满满的一瓶。"", ""1、把黄豆用温水泡一晚上。泡到胀开，有微微鼓起的样子，淘洗干净，沥干水，放碗里。有不好的碎的豆子，可以捡出来，这样的，是发不出芽来的。2、找个干净的，无油污的纱布或者毛巾，棉布什么的，盖在上面。3、每天打开纱布给黄豆换一次水，每次水要沥干。纱布可以顺便洗一下。分别是第二天，第三天。第四天就可以吃了。""]","发豆芽的通用方法如下：
1. 选豆：挑出干瘪、损坏的豆子，用清水浸泡12-24小时至充分胀发，部分发绿豆芽的方法可先用80℃水烫种再浸泡。
2. 准备容器：可选用打孔的塑料瓶、漏盆、蒸锅等，保证容器无油、可沥水。
3. 铺放豆子：将泡好的豆子平铺在容器中，上方盖一层可吸水、不透光的湿布，可在布上压重物，能让豆芽长得更粗壮。
4. 养护：将容器放在阴凉避光、温暖的位置，每天给豆芽过水2-3次，过水后沥干多余水分，不要让豆芽见光，避免发红变苦。
5. 收获：温度25-30℃左右的情况下，3-5天豆芽长到合适长度即可取出，摘去根须、冲洗干净就能烹饪。",0.4555314533622559,0.4646017699115044,0.44680851063829785,0.2386117136659436
162,控制面板在哪,"[""首先在桌面打开“我的电脑”，然后在“我的电脑”地址栏里面直接输入“控制面板”，然后按回车（键盘上的确认键：Enter）就能打开控制面板了（这个方法所有Windows系统均可用）。"", ""Win7控制面板所在位置：点击开始菜单，找到控制面板，点击打开即可。"", ""首先打开“我的电脑”然后会发现，其实控制面板的打开按钮就在左下角。""]","Windows系统打开控制面板的常见方法有：
1. 打开“我的电脑”（Win7为“计算机”），在地址栏直接输入“控制面板”后回车，该方法所有Windows系统通用；
2. Win7系统可打开“计算机”，在头部菜单栏点击“打开控制面板”，XP系统可在“我的电脑”左下角找到入口；
3. XP系统点击“开始→设置→控制面板”，Win7系统点击开始菜单后直接找到“控制面板”选项点击进入。",0.4603174603174603,0.3391812865497076,0.7160493827160493,0.3253968253968254
163,给领导送礼怎么说合适,"[""说的话要看送的是什么礼了，不同的东西当然不能讲相同的话。比如送茶叶之类就是在休闲的时候养养神，给领导的小孩送东西可以说是顺便带过来啊等。还有就是讲话不能拘谨，不然什么话都成客套了。"", ""一般送到家的时候，领导在家的时候就客套几句话，比如在单位这么久了，今天专程过来感谢领导一直以来对我的关照，顺便给孩子和嫂子她们买了点东西。"", ""只是一点小心意，不成敬意，还望笑纳。""]","1. 电话邀约时仅表示想请领导坐坐感谢关照，不提送礼和诉求。
2. 送礼避开公众场合，优先送到家，不要说礼品是专门为领导买的，可说是远方亲戚带的、老家捎的、顺便给嫂子/孩子带的。
3. 先聊近况借机感谢领导关照，不鼓吹礼品价值，轻描淡写说明礼品的实用之处，比如茶叶可养生、字画挂办公室风水好，表明是一点心意即可。
4. 不用直白说出委托的事，领导自然明白用意。",0.3135593220338983,0.24342105263157895,0.44047619047619047,0.1440677966101695
164,qq旋风 没速度,"[""换3.9版的，能下。"", ""第一步：这个只需要百度搜索一下“qq旋风会员账号”，就会发现网上有很多网友分享的账号，随便挑一个试一试，一般来说都能用。第二步：使用搜索来的账号登陆，若搜素出来的账号也没有速度，就要检查一下网络问题，是否连接，确认连接上网正常后。第三步：开启极速下载（下载前勾选或者在下载界面直接启动加速），代表已经在加速了。换个储存地址啊估计是光下载群里的出现这种情况吧那下载群里的文件的时候选择用普通下载，反正一般又不大等旋风升级后这个小bug应该就能解决了。""]","1. 可搜索使用网友分享的QQ旋风会员账号登录，开启极速下载加速。
2. 检查网络是否连接正常；若为个别资源无速度，可能是资源种子少，可更换其他链接尝试。
3. 若下载的是群内文件，可尝试选择普通下载，或更换储存地址，等待旋风升级修复相关bug。
4. 也可尝试错开时段下载。
5. 若为敏感违规资源，下载速度慢属于正常情况。",0.4853801169590643,0.6102941176470589,0.4029126213592233,0.2573099415204679
165,游泳可以带隐形眼镜吗,"[""根据眼科验光师的建议，游泳运动员或普通泳者游泳时可选用每日抛弃型隐形眼镜。由于每日抛弃型隐形眼镜的镜片每日更换，在镜片上的积聚物较少，清洁程度较高，能有效减低眼睛受感染机会。"", ""一般泳池的水中都含有氯和其他化学物质，我们大部分配戴的都是软性隐形眼镜，软性隐形眼镜可吸收这些化学物质，这种化学物质会刺激人眼角膜、结膜而导致眼\n睛发红、不适、畏光的症状。一般来说，这种刺激反应是短暂的。像一些自然水域，它与泳池的水不同，海水、河流和湖泊没有经过化学处理来减少水中的微生物，\n因此水中包含更多的污染物，可能导致眼部感染。专家建议无论是在何种水域，游泳最好都不要戴隐形眼镜。""]",通常不建议游泳时佩戴隐形眼镜，泳池及自然水域中的化学物质、微生物易被软性隐形眼镜吸附，会刺激角膜、结膜，甚至引发眼部感染，且隐形眼镜接触水后容易脱落，即使佩戴泳镜也难以完全避免进水。若确需佩戴，应选择日抛型隐形眼镜，同时佩戴密封性好的泳镜防止池水入眼，游泳后立即丢弃镜片，若出现眼部不适需及时就医。,0.4115755627009646,0.47058823529411764,0.3657142857142857,0.21864951768488747
166,电脑强制打开usb调试,"[""一、安卓2.1 ~ 2.3.7 系统打开USB调试模式方法：1、点击手机Menu键(菜单键)，在弹出的菜单中选择 设置(Setting), 或在应用程序中找到设置程序点击进入，然后进入设置界面的“应用程序”即可找到USB调试模式，我们勾选上即可。二、安卓4.0 ~ 4.1.2 系统打开打开USB调试模式方法 :点击手机Menu键(菜单键)，在弹出的菜单中选择 设置(Setting), 或在应用程序中找到 设置 程序点击进入，进入设置界面后找到“开发人员选项”即可找到USB调试模式，我们同样勾选上即可。 三、安卓4.2 系统打开打开USB调试模式方法 :1、同样的点击手机Menu键(菜单键)，在弹出的菜单中选择 设置(Setting), 或在应用程序中找到“设置 程序点击进入“ 关于手机”2、然后这里需要注意的是安卓4.2的USB调试模式默认是隐藏的，我们需要连续点击七次“版本号 ”再返回“设置”菜单界面选择“开发者选项”才可以找到USB调试模式设置。"", ""电脑是无法打开USB调试的。USB调试功能需要在手机端上打开的，电脑是无法强制打开USB调试功能的。USB调试功能需要在手机的开发者选项中勾选打开。手机进入系统界面，点击打开 设置 程序图标；点击关于手机—点击软件版本；不停点击软件版本，屏幕会弹出剩余点击次数可以进入开发者选项，一直点击到开发者选项弹出；后退到设置界面，点击打开开发者选项，勾选 USB调试即可。"", ""根据您描述的情况，建议您尝试以下操作：1.用线充充电一段时间尝试开机，或者更换一块相同型号的手机电池。2.将SIM卡和SD卡同时取出，然后再尝试开机。3.携带购机发票、包修卡将手机送至就近的三星服务中心进行检测维修。""]",电脑无法强制打开USB调试，该功能需要在手机端操作开启：正常可开机的安卓手机可通过进入设置，连续点击软件版本开启开发者选项，再在开发者选项中勾选USB调试；若手机无法开机，可尝试卡刷、线刷方式刷机，无需开启USB调试。,0.5413533834586466,0.72,0.43373493975903615,0.40601503759398494
167,旭日阳刚现状,"[""王旭把家人接到了北京，也在北京安了家。即使成名了也依旧朴实，或许这才是最难得的。而刘刚则被曝出时常出入北京某高档小区并乘坐豪车的消息。"", ""旭日阳刚现状是接商演，目前出场价为20万元，两人生活条件比以前好了，抽烟的档次一般是中华，两人开着60万左右的高档轿车。不过据网友曝料，旭日阳刚组合其实的生活除了音乐，两人并没有太多交集，对外称兄道弟只是为了维护旭日阳刚这个牌子。"", ""目前旭日阳刚对外的商演价格都在20万左右，春晚之后档期都非常满，每个月至少有十场演出，所以按这么算下来每个成员月收入过百万绝对不是问题。""]",旭日阳刚两人目前多方面发展，商演出场费约20万元，月入可达百万，物质生活富足：王旭将家人接到北京安家，依旧朴实；刘刚被曝出入高档小区、乘坐豪车。但二人受原创作品不足、负面新闻频发影响，关注度有所下降，现多接商演、参加节目，有时共同合作，有时各自发展。,0.3488372093023256,0.2727272727272727,0.4838709677419355,0.32558139534883723
168,如何预防妊娠糖尿病,"[""预防妊娠糖尿病招数一：自数胎动：正常情况下，一天之中，胎动在上午8-12点比较均匀，下午2-3点时最少，6点以后就开始逐渐增多，到了晚上8-11时最活跃。胎动可以反映宝宝在子宫里的安危状态，所以自数胎动是目前最简单有效的自我检测方法。准妈妈可以在产科医生指导下，每天自数胎动3次，并记录下每次的胎动次数，产检时告知产科医生。预防妊娠糖尿病招数二：控制体重：正常情况下，孕妇在整个妊娠期的体重应该增加10-12千克，妊娠晚期每星期体重增加不超过0.5千克。如果怀孕期间体重增加过快，特别是妊娠晚期每星期体重增加超过0.5千克，腹围增长过快，下肢浮肿明显，要引起重视，及时到医院就诊。预防妊娠糖尿病招数三：做糖筛查：一般来说，孕妇在妊娠24-28周需要进行糖尿病筛查。糖筛时，孕妇需要喝下含有50克葡萄糖的水，1小时后测血糖，若血糖值≥7.8mmol/L，属于糖筛查阳性，要再做75g葡萄糖耐量试验（OGTT）。孕妇需要口服含有75克葡萄糖的水，在空腹及喝糖水后1小时、2小时、3小时各测一次血糖。"", ""1：饮食要均衡：孕妇如何通过饮食来控制血糖，以便能顺利分娩是孕期饮食管理的重点。而这关键之一便是饮食要均衡。饮食如何均衡有以下几点原则：1）合理控制总热量摄入 妊娠初期不需要特别增加热量，妊娠中、后期每天每公斤体重按25~35千卡计算，并根据血糖、尿糖等病情随时调整饮食。2）控制单糖的摄入 严格控制易被体内吸收的单糖，如蔗糖、砂糖、果糖、葡萄糖、冰糖等。选择纤维含量较高的主食，如糙米或五谷饭，有利于控制血糖。3）保证蛋白质的摄取 患病孕妇的蛋白质摄入量应该较正常孕妇增多，其中动物蛋白质占1/3。每天最好喝2杯牛奶，以获得足够钙质。4）控制脂类的摄入 控制饱和脂肪酸的摄入量。烹调用油以植物油为主，少吃油炸、油煎、油酥及肉皮、肥肉等食物。5）少食多餐的饮食习惯 每天分三餐主食和三顿点心，特别要避免晚餐与翌日早餐的相距过久，可在睡前补充一些点心。"", ""第一步，及时监测：为了早期发现妊娠期糖尿病，我们建议有高危因素的孕妈在怀孕的6～13周就开始监测血糖。高危因素包括：曾生过巨大儿宝宝、肥胖、有糖尿病家族史、多囊卵巢综合征患者等。对于其他的孕妈，在怀孕的24～28周需要进行75g口服葡萄糖耐量试验（OGTT）测定血糖。第二步，如果被诊断为妊娠期糖尿病，怎么办？对于孕妈而言，最好是通过饮食和运动控制血糖。（这也是控制孕期体重增长速度的方法）1.合理饮食：少食多餐、定时定量，粗细搭配；多吃高膳食纤维的食物，包括全麦食品，比如燕麦、荞麦、以及豆制品、各种蔬菜；适量的蛋白质，脂肪不过量；合理选择零食。避免太多糖的零食，水果也不要选择太多糖分的，比如西瓜、芒果等。2.适量运动：推荐孕妈们每天坚持半个小时的有氧运动，比如，快步走、孕妇瑜伽等。3.增重适当：要保证进入孕中期以后每周体重增加不超过1斤。如果在控制饮食和适当运动的基础上体重增加超过1斤，应该及时咨询医生。4.药物治疗：如果经过饮食和运动调整，血糖还是得不到很好的控制，这时候就需要使用药物治疗了。一般而言，不推荐孕妈们使用口服降糖药，医生会根据情况加用胰岛素。5.定期产检：对于得了妊娠期糖尿病的孕妈而言，需要增加产检的次数。每1～2周检查一次。""]","1. 日常监测：在产科医生指导下自数胎动；普通孕妇在妊娠24-28周做糖筛查，有高危因素的孕妇可在孕6-13周就开始监测血糖，肥胖、腰围增长过快的孕妇可在妊娠30-32周再筛查一次。
2. 控制体重：整个孕期体重增长控制在10-12千克，妊娠晚期每周体重增加不超过0.5千克，孕中期后每周增重不超过1斤。
3. 饮食均衡：控制总热量摄入，减少单糖摄入，保证足量蛋白质，控制脂类摄入，少食多餐，多吃高膳食纤维、低糖食物，适当限制食盐摄入。
4. 适量运动：每周至少3次、每次至少30分钟轻中度有氧运动，如快步走、孕妇瑜伽、瑜伽等。
5. 若经饮食运动调整血糖仍未达标，需遵医嘱用药物控制，同时增加产检频率。",0.47434119278779463,0.6705882352941176,0.3669527896995708,0.260748959778086
169,2017年苹果4s还能用吗,"[""一间那么大的公司，在没有任何负面，经济危机的情况下，没有可能会停止运行的。、""]",2017年苹果4s可以使用，适合作为备用机，仅能满足基本功能需求，可使用2G/3G网络或连接wifi，但性能较差、部分场景使用不便，也可作为收藏、情怀向选择。,0.07766990291262137,0.05714285714285714,0.12121212121212122,0.05825242718446602
170,党员可以开展什么活动,"[""活动主要包括象棋、乒乓球、羽毛球、登山、摄影、健美操等，按照干部的兴趣爱好及特长，设定活动内容，充分给予自主选择权。还成立了兴趣小组，制定切实可行的文体活动计划、安排活动内容，贯彻\""大众参与、广泛适宜、全民健身、兼顾特色\""原则，力争做到活动经常化，形式多样化，以陶冶职工的高尚情操、丰富职工的文化生活。""]","党员可开展的活动包括：
1. 主题学习教育类：如“五个一”活动（警示教育、先进典型教育、主要领导上党课、专题报告会、廉政文化活动），学习党的理论、方针政策，开展党史学习、爱国道德教育，上党课、专题研讨，民主评议党员、发展党员相关工作等。
2. 实践服务类：如结对帮扶、扶贫济困、公益志愿活动（环境清扫、帮扶困难群体、福利院/敬老院志愿服务、爱心捐赠、公益义卖、献血、下乡助学、交通协管等），流动党员“感恩行动”，“党员先锋岗”“我为党旗添光彩”等主题实践活动，参与文明单位创建、基层共建等。
3. 红色纪念类：如党史展览、红色之旅、革命先烈悼念、“政治生日”纪念等活动。
4. 文体类：如象棋、乒乓球、羽毛球、登山、摄影、健美操、文艺汇演、体育竞赛等。
5. 其他：如学术交流、技能培训、知识竞赛、征文、党建研讨等活动。",0.22911694510739858,0.16551724137931034,0.37209302325581395,0.10978520286396182
171,皇子哪个皮肤eq最快,"[""龙骑统帅。"", ""Fnatic 皮肤快点。"", ""屠龙这款皮肤 eq 速度最快。""]",英雄联盟皇子的皮肤本身没有属性加成，EQ速度实际一致，只是动画特效带来的视觉感受不同。从玩家普遍反馈来看，限定皮肤FNC、非限定的屠龙勇士、龙骑统帅的EQ动画视觉上更快，吕布的动画则显得较慢。,0.18,0.10227272727272728,0.75,0.13999999999999999
172,如何通过身份证号码查询手机号码,"[""百度网址搜索网址：damuzhisw.com。"", ""如需查询身份证下的号码信息，可持有效身份证件原件前往号码归属地的自有营业厅进行查询本地市范围内开户明细，营业人员将提供核查服务。""]","1.仅可查询本人名下手机号，无权限查询他人手机号，除非涉及相关案件。
2.持本人有效身份证件原件，前往对应运营商的号码归属地自有营业厅，可查询本地市范围内的开户明细。",0.637037037037037,0.581081081081081,0.7049180327868853,0.5481481481481482
173,含羞草有毒吗,"[""含羞草全株皆有微量的毒素，一般白天不会对人构成毒害，但在夜间由于不能进行光合作用，它会释放有毒物质。""]",含羞草全株有微量毒素，含有含羞草碱质，长期接触会导致毛发发黄脱落，夜晚无法进行光合作用时还会释放有毒物质。,0.5263157894736842,0.5102040816326531,0.5434782608695652,0.5263157894736842
174,手机指环扣怎么拿下来,"[""拿了一个稍稍硬的纸对折一下，每个角往里塞，稍稍试点劲就出来了，很方便，也不会伤害手机。"", ""慢慢用薄片铲。"", ""吹风机开热风，吹一会，慢慢揭掉。""]",可以使用稍硬的纸/薄片对折塞到指环扣的角里撬动取下；也可以拉直细线从指环扣的某个角慢慢套入，像锯木头一样来回锯直到脱落；还可以用吹风机热风对着胶面吹一会后慢慢揭下，或是加热壁纸刀慢慢把胶锯开。注意不要硬拽指环。,0.2647058823529412,0.1836734693877551,0.47368421052631576,0.16176470588235292
175,鳄鱼为什么会流泪,"[""它们流泪的目的是在排泄体内多余的盐分。""]",鳄鱼流泪是一种自然生理现象，目的是排泄体内多余的盐分。鳄鱼肾功能不完善，也无法通过出汗排盐，只能通过盐腺将血液中的多余盐分离析出来，而盐腺的导管开口在眼睛附近，所以盐分排出时就像在流泪。,0.3076923076923077,0.18604651162790697,0.8888888888888888,0.2692307692307693
176,郑州市居住证办理流程,"[""1、申请人提交材料，2、公安派出所审核，3、县级公安机关审核，4、制作证件，5、发放证件。"", ""公民异地居住所需要办理郑州居住证，是要求公民在办理办理居住登记满半年以上，再带上本人身份证原件，居住证照片以及相关的证明资料到居住地所属的派出所或者授权的社区机构申请办理的，一般15-30天可以领取到居住证。若公民未办理居住登记，就需要补登计以后才可以申请办理。""]","一、办理前提：
1. 在郑州市登记暂住信息并居住满半年；
2. 符合有合法稳定就业、合法稳定住所、连续就读条件之一。

二、按需准备材料：
- 租住房屋：身份证、照片，符合租赁备案条件的额外提供租赁登记备案手续+租赁合同，不符合的仅需提供租赁合同；
- 住单位宿舍：身份证、照片、就业单位出具的居住证明；
- 住学校宿舍：身份证、照片、学校学籍和就读证明；
- 自有住房：根据房屋权属情况提供对应身份证、房产证、结婚证等材料，同时需小区物业居住证明。

三、办理流程：
1. 申请人向居住地派出所提交材料，首次办理需采集指纹；
2. 公安派出所、县级公安机关依次审核；
3. 审核通过后制作证件，15个工作日内办结，发放证件。

注：首次申领免收工本费，补领、换领需缴纳工本费。",0.36503856041131105,0.2669172932330827,0.5772357723577236,0.1748071979434447
177,怎样清洗小龙虾,"[""1、鲜活的小龙虾威力挺大，为避免虾钳夹手，我们先将其“敲晕”。 2、用手捏住小龙虾头部，先剪去小龙虾的右钳。3、再剪去左钳，将剪下的虾钳洗净备用，这可以食用的，不要丢掉3、再剪去左钳，将剪下的虾钳洗净备用，这可以食用的，不要丢掉。4、剪去双钳的小龙虾失去了“战斗力”，这样接着往下处理的时候就不会夹我们的手了。 5、剪去双钳的小龙虾，放在清水中浸泡2分钟，便于清洗。 6、用手捏住小龙虾头部，翻过来，我们能清楚的看到小龙虾身体上藏了很多污垢。7、不要图省事简单冲洗，要用刷子尽量将腹部刷干净。8、刷干净的小龙虾露出粉嫩的身体。9、用手掐住尾巴中间那块尾甲，左右拧，直到断开为止。 10、拽拧动的尾甲，然后慢慢拉出来。11、这样虾的肠子就跟着出来了。12、用剪刀减去小龙虾头部的三分之一，不要剪太多，剪太多会把头部的黄膏去掉，黄膏可是好东西，别浪费了。"", ""首先净身，小龙虾身体上藏了很多黑色的污垢，尽量用刷子擦洗干净，不要图省事。如果小龙虾个头太小就把手脚和钳子都用剪刀去掉。下面这一刀很关键，既要去掉头部的胃（很脏），又不能把头部的黄膏去掉，黄膏可是好东西，别浪费了。剪刀下去不要到底，剪入一半就往外拉，这样一般情况下整个胃就出来了。下面一步是去小龙虾的肠子，方法很简单，用手掐住尾巴中间那根尾翼左右拧，直到断开为止，然后慢慢拉出来。好了，清洗完毕，就等着下锅。"", ""腹部最脏。用刷子洗刷腹部，然后用家里不用的牙刷或者钢丝球洗刷腹部刷去泥土，一只手要抓住龙虾的背部，防止手被钳住。强劲水柱冲洗。用刷子洗刷腹部。最好戴胶皮手套。醋+盐浸泡。去除肠子。剪虾头去内脏。剪脚。取掉肠子和内脏，这样龙虾就算是彻底干净了，可以安心下锅。焯一遍水。钳伤打破伤风抗毒素。""]","1. 先处理虾钳防夹手，可剪去钳尖或整个钳子；
2. 用刷子仔细刷洗腹部、体表等脏污处，可配合强劲水柱冲洗；
3. 可用盐水+醋浸泡15-20分钟，让龙虾吐出内部脏物；
4. 掐住虾尾中间的尾甲拧动后拽出，带出虾肠；
5. 剪去头部约三分之一，挑出黑色的虾胃，注意保留虾黄；
6. 可按需剪去虾腮后冲洗干净即可。",0.40160642570281124,0.4032258064516129,0.4,0.20080321285140562
178,封魔盒怎么制作,"[""首先制作封魔盒这东西，需要副职学习了陶瓷，并学习了陶瓷坊秘典第九章信用等级到28 才可以做。灵石：10个 (游戏内每日势力任务，比武场每日任务获得)血猪骨头：2个 (四大副本，血阳猪神掉落，需封魔符解封，每日任务5个)封魔护符：1个 (副职业： 圣君堂 制作 需获得 圣君堂秘典第九章)材料：蛤蜊螺钿：5个(圣君堂制作)高级侧柏槐黄志：10个(陶瓷坊制作)祭祀食品：1个 (副职业： 风味门 制作 需获得 风味门秘典第九章)材料：腌制的狼肉：5个(风味门制作)高级山白土器皿：10个(陶瓷坊制作)。""]","制作封魔盒需要副职学习陶瓷坊，掌握陶瓷坊秘典第九章且信用等级达到28级，所需材料如下：
1. 基础材料：灵石10个、血猪骨头2个、封魔护符1个（圣君堂制作，需圣君堂秘典第九章，制作需蛤蜊螺钿5个）、高级侧柏槐黄志10个（陶瓷坊制作）、祭祀食品1个（风味门制作，需风味门秘典第九章，制作需腌制的狼肉5个）、高级山白土器皿10个（陶瓷坊制作）。",0.7594202898550725,0.903448275862069,0.655,0.7072463768115942
179,app测试和web测试区别,"[""1.系统架构不同：web项目，一般都是b/s架构，基于浏览器的，而app功能测试则是c/s的，必须要有客户端。2.性能方面，web页面可能只会关注响应时间，而app则还需要关心流量、电量、CPU、GPU、Memory这些。 3.在兼容方面，web是基于浏览器的，更倾向于浏览器和电脑硬件，系统的方向的兼容；app的测试则必须依赖phone或者是pad，不仅要看分辨率，屏幕尺寸，还要看设备系统。4.app多了专项测试。5.界面操作上，app产品是触摸屏手机，测试的时候要注意手势，横竖屏切换，多点触控，事件触发区域等测试。"", ""手机软件测试，除了要考虑基本的功能测试、性能等，还要考虑手机本身固有的属性特征。如下几个方面特性： 1）app测试第要考虑的属性特征是：中断测试； 2）手机用户对app产品的安装卸载操作；3）web自动化测试使用的工具不同。4）兼容性测试，web的比较常用考虑到是不同分辨率的电脑、不同浏览器。app考虑的是不同手机型号、厂家、分辨率和屏幕大小等。"", ""兼容性测试：在WEB端是兼容浏览器，在App端兼容的是手机设备。而且相对应的兼容性测试工具也不相同，WEB因为是测试兼容浏览器，所以需要使用不同的浏览器进行兼容性测试（常见的是兼容IE6，IE8，chrome，firefox）。如果是手机端，那么就需要兼容不同品牌，不同分辨率，不同android版本甚至不同操作系统的兼容。（常见的兼容方式是兼容市场占用率前N位的手机即可），有时候也可以使用到兼容性测试工具，但WEB兼容性工具多用IETester等工具，而App兼容性测试会使用Testin这样的商业工具也可以做测试。安装测试：WEB测试基本上没有客户端层面的安装测试，但是App测试是存在客户端层面的安装测试，那么就具备相关的测试点。还有，App测试基于手机设备，还有一些手机设备的专项测试。如交叉事件测试，操作类型测试，网络测试（弱网测试，网络切换）交叉事件测试：就是在操作某个软件的时候，来电话、来短信，电量不足提示等外部事件。操作类型测试：如横屏测试，手势测试；网络测试：包含弱网和网络切换测试。需要测试弱网所造成的用户体验，重点要考虑回退和刷新是否会造成二次提交。弱网络的模拟，据说可以用360wifi实现设置。从系统架构的层面，WEB测试只要更新了服务器端，客户端就会同步会更新。而且客户端是可以保证每一个用户的客户端完全一致的。但是APP端是不能够保证完全一致的，除非用户更新客户端。如果是APP下修改了服务器端，意味着客户端用户所使用的核心版本都需要进行回归测试一遍。还有升级测试：升级测试的提醒机制，升级取消是否会影响原有功能的使用，升级后用户数据是否被清除了。""]","二者的区别如下：
1. 性能测试：Web测试仅需关注响应时间，App测试还需额外测试流量、耗电量、CPU、GPU、内存占用等指标。
2. 兼容性测试：Web测试侧重兼容不同内核的浏览器（如IE、Chrome、Firefox等）；App测试需适配不同手机品牌、分辨率、系统版本及Android、iOS不同操作系统。
3. 安装/升级/卸载测试：Web测试无客户端层面的相关测试；App需要测试安装、卸载，以及升级的提醒机制、升级中断/取消的影响、升级后数据是否留存等。
4. 专项测试：App有独有专项测试：一是交叉事件测试，如使用App时来电、收短信、低电量提醒等场景；二是操作类测试，如横屏切换、手势操作测试；三是网络测试，包含弱网适配、网络切换场景的测试，需验证弱网下用户体验、二次提交风险等。
5. 系统架构层面：Web端更新服务器后客户端会同步更新，所有用户客户端版本一致；App端服务器更新后，需用户主动更新客户端才能同步，修改服务器端后需要对所有仍在使用",0.580259222333001,0.784366576819407,0.46044303797468356,0.40079760717846463
180,tp link初始管理员密码,"[""路由器的初始管理员密码一般印刷在路由器底部。一般为admin。""]",部分型号初始管理员用户名和密码都是admin，部分无默认密码，是首次登录时自行设置的；初始密码一般也会印刷在路由器底部。若忘记密码，可恢复出厂设置后重新设置。,0.45098039215686275,0.3150684931506849,0.7931034482758621,0.33333333333333337
181,2017餐饮加盟店排行榜,"[""排行榜1：特色快餐店；排行榜2：铁板鱿鱼；排行榜3：土耳其烤肉；排行榜4：无烟烧烤；排行榜5：臭豆腐；排行榜6：韩国烤肠子；排行榜7：冰淇淋店；排行榜8：风味小吃；排行榜9：奶茶铺、果汁吧；排行榜10：甜品屋、汉堡店。""]","不同平台发布的2017餐饮加盟店排行榜涉及的品牌/项目如下：
1. 阳光网榜单：吉祥馄饨、园园香云吞、铁板鱿鱼、土耳其烤肉、无烟烧烤、长沙臭豆腐、韩国烤肠子、冰淇淋店、土家烧饼、巴比馒头、兰州拉面、串串烧、珍珠奶茶店、甜品店。
2. 中国连锁网榜单：玛丽莲甜品、玛努卡甜品、七公主九味卷、致爱丽丝饮品。
3. 58同城加盟网榜单：馋味轩海鲜自助涮烤、嘿小面、张真牛、豪客来牛排、仟层家炒酸奶、红天下餐饮旗下品牌、彤德莱火锅、庆丰包子、汉堡品牌、QQ杯面、85度C奶茶、一点点奶茶、大食头、coco奶茶、大魔王牛排杯、湖南煲仔饭品牌、旋转小火锅品牌、正新鸡排、果蔬营养煎饼、好利来蛋糕、鹿港小镇、阿瓦山寨、卤肉卷饼、鼎泰丰、面对面、呷哺呷哺、粉之都、双响杯面。
4. 好茶网榜单：蒸膳美中式快餐为推荐的头部品牌",0.30238726790450926,0.19655172413793104,0.6551724137931034,0.21750663129973474
182,广告设计工资一般多少,"[""高手高工资不会超过1万，低手低工资不会低于1千。""]",广告设计薪资受个人能力、所在地区、公司规模等因素影响，跨度较大，新手月薪约2000元左右，普通从业者月薪多在1500-4000元，大城市大公司的优秀从业者月薪可达上万元，薪资范围大致为一千至数万元。,0.10714285714285715,0.06666666666666667,0.2727272727272727,0.08928571428571427
183,lolfps突然变得很低,"[""1、右击计算机，选择属性；2、选择图中“更改设置”；3、选择“高级”选项卡，然后点击性能“设置”；4、选择图中调整为最佳性能然后点击“应用”，最后确定退出。"", ""还原电脑自带的显卡试试，不要随便更新显卡。更新可能会更卡。"", ""推广那个专用加速器。""]","可按以下方法调整：
1. 系统属性调整：右击计算机选择属性，点“更改设置”，在“高级”选项卡的性能设置里选择“调整为最佳性能”，应用后确定。
2. 电源管理调节：进入控制面板的“系统与安全”，打开电源选项，选择“高性能”（XP系统选“一直开着”）。
3. 显卡控制面板调节：打开NVIDIA控制面板，选择“通过预览调整图像设置”，勾选“使用我的优先选择，侧重于”，将滑块调到“性能”；不要随意更新显卡驱动。
4. 也可清理电脑风扇、涂抹硅胶改善硬件散热。",0.41379310344827586,0.27835051546391754,0.8059701492537313,0.31417624521072796
184,2016年票房排行榜,"[""第10名：迪士尼出品的《奇异博士》第9名：华纳出品《自杀小队》（X特遣队）第8名：华纳出品《神奇动物在哪里》第7名：福克斯出品《死侍》第6名：华纳出品《蝙蝠侠大战超人：正义黎明》第5名：环球出品《宠物的秘密生活》第4名：迪士尼《奇幻森林》第3名：迪士尼《疯狂动物城》第2名：迪士尼《海底总动员2：寻找多莉》第一名：《美国队长3：内战》。""]","### 2016年内地票房相关：
- 年度总票房457.12亿，国产片票房冠军为《美人鱼》，进口片票房冠军为《疯狂动物城》。
- 全年共9部影片票房破10亿，其中国产片（含合拍片）6部。

### 2016年全球票房TOP10：
1.《美国队长3:内战》11.53亿美元
2.《海底总动员2:多莉去哪儿》10.27亿美元
3.《疯狂动物城》10.23亿美元
4.《奇幻森林》9.66亿美元
5.《爱宠大机密》8.75亿美元
6.《蝙蝠侠大战超人:正义黎明》8.73亿美元
7.《星球大战:侠盗一号》7.89亿美元
8.《死侍》7.83亿美元
9.《神奇动物在哪里》7.76亿美元
10.《自杀小队》7.45亿美元",0.3559322033898305,0.28378378378378377,0.4772727272727273,0.13559322033898308
185,emmmm是什么意思,"[""就那种便秘上厕所那种憋的脸红脖子粗时候的语气声emmmmmmmmmmmm。"", ""表示思考或者沉默。""]",emmmm常用作语气词，可表示无语、迟疑、思考、惊讶，也可表达疑惑、不确定的情绪。,0.22857142857142856,0.23529411764705882,0.2222222222222222,0.14285714285714288
186,莫菁现在怎么样了,"[""改了一个名字叫莫玥渟，风光地嫁给了一个广州的海警，貌似低调了，现在住在广州市花都区北兴镇美茵花园D座1103室，还成佳话了。"", ""很好。"", ""去外地了。""]",莫菁现已改名为莫玥渟，嫁给广州一名海警，居住在广州，低调生活。恶意传播其艳照的叶某已因侮辱罪被判处有期徒刑三年。,0.3703703703703704,0.39215686274509803,0.3508771929824561,0.27777777777777773
187,排球接发球时 准备姿势一般采用,"[""正面对正来球方向，两脚开立宽於肩，一脚在前，两脚跟提起，前脚掌著地，两膝变曲微内收，重心稍前倾，双臂自然弯曲置於腹前。"", ""（1）准备姿势的概念：在起动、移动和击球前所采用的合理的身体动作或姿势，称为准备姿势。准备姿势有技术与比赛准备姿势之分，因此，在比赛中除必要的各项技术准备姿势外，还要做好如下的比赛准备姿势：（2）准备姿势的具体运用：A、当对方正在组织进攻，或球虽在本方但离自己较远不需要及时移动击球时，以及在进行二传、扣球和接速度较慢弧度较高的发球、处理球时可运用稍蹲准备姿势。B、半蹲准备姿势是排球比赛中最基本的准备姿势，在接发球时运用最多，在传球、拦网时也常用。同时也是为短距离移动和防较低来球做准备。C、低蹲准备姿势主要运用于后排防守（接扣球）与前场保护（接拦回球）以及接底远的球和衔接各种倒地动作的接球，以扩大防守范围。""]",半蹲准备姿势。,0.04285714285714286,1.0,0.021897810218978103,0.04285714285714286
188,电脑音量太小,"[""首先需要确认硬件设备无出现任何问题（如声卡损坏、音箱损坏、BIOS设置问题、声卡接触不良等等）。在确认不是硬件问题后，进行系统排查，单击任务栏右下角的“小喇叭”图标，看看是不是设置了“静音”或音量设置太小了。如果右下角没有小喇叭，那么在“控制面板”中双击打开“声音和音频设备”，在“音量”选项卡下也可调整音量大小，如果设备音量显示的是灰色，无法操作，可能是声卡驱动损坏，右击“我的电脑”，单击“属性”命令。打开系统属性窗口，切换到“硬件”选项卡，单击“设备管理器”按钮，展开“声音、视频和游戏控制器”项目，在这里查看声卡驱动有无黄色“？”或黄色“！”，表明声卡驱动没有安装或安装不正确，！表明声卡驱动不匹配，下载驱动精灵软件，重新安装声卡驱动。"", ""1、检查声卡、连接线，以及音箱等设备是否连接正常；运行杀毒软件进行杀毒；2、右击“我的电脑”、“属性”、“硬件”、“设备管理器”，打开“声音、视频和游戏控制器”有无问题，即看前面有没有出现黄色的“？”。如有，重新安装这个设备的驱动程序。3、不见小喇叭时，可以打开控制面板-声音和视频设备-音量，在“将音量图标放入任务栏”前打上对号；4、卸载声卡驱动程序，重新进行安装或升级声频驱动程序；5、当安装声卡驱动程序时出现“找不着AC晶片”提示，有可能是电脑中毒，或者因违规操作误删了声卡驱动程序，抑或是内部软件冲突。解决的办法是重装系统和驱动程序。"", ""打开注册表-开始-运行-Regedit-依次展开HKEY_CURRENT_USER\\Software\\Microsoft\\Windows\\CurrentVersion\\Run，在右边空白区域单击右键-新建-字符串值-Systray.exe-再在新建的Systray.exe上单击右键-修改-在数据数值里填上C：\\WINDOWS\\system2\\systray.EXE。""]","1. 先排查硬件：确认声卡、音箱、连接线等是否正常，BIOS设置、声卡接触有无问题；
2. 系统基础检查：点击任务栏右下角小喇叭，确认未静音且音量调至合适大小；若无小喇叭，可在控制面板打开“声音和音频设备”，在音量选项卡调整，还可将扬声器左右声道调至最大；
3. 驱动排查：若设备音量为灰色无法操作，打开设备管理器，查看“声音、视频和游戏控制器”下有无黄色问号/感叹号，若有则下载驱动精灵重装或升级声卡驱动；
4. 其他排查：检查播放软件的音量设置，运行杀毒软件排查中毒问题，若仍未解决可尝试更换耳机/音箱。",0.5736738703339882,0.6697247706422018,0.5017182130584192,0.4361493123772102
189,早泄表现,"[""早泄的临床表现主要是射精过快。以时间为标准：从阴茎插入阴道至射精的时间，一般认为短于2分钟即为早泄。以抽动次数为标准：阴茎插入阴道中抽动次数少于10次至30次为早泄。以性伴侣的反应为标准：在性活动中，如果有半数以上的性生活机会中，不能使女方达到性高潮亦可称为早泄。患者多伴有焦虑、精神抑郁、头晕、神疲乏力等症状。""]","1. 射精过快：阴茎未接触/刚接触女方外阴，或插入阴道后短时间内（通常短于2分钟，或抽动少于10-30次）即射精，无法进行正常性生活，半数以上性生活中不能使女性达到性高潮。
2. 心理症状：紧张、焦虑、恐惧、自卑、自罪感等。
3. 全身症状：精神抑郁、头晕、神疲乏力、夜寐不安、心悸等。
4. 按病情可分为：轻度（性生活时间3-6分钟）、中度（1-3分钟）、重度（不足1分钟，甚至接触即射精）。",0.49146757679180886,0.4768211920529801,0.5070422535211268,0.3959044368600682
190,微波炉旋转式好还是平台式好,"[""如果是对于微波炉的容积没有太大要求的话，还是选择旋转式微波炉比较好，这样加热也比较均匀，而且平台式微波炉的成本要高于旋转式。"", ""旋转的好，不论是加热的均匀度还是省电等等都要比平板的好。"", ""平板的好。""]","两者各有优劣，可根据需求选择：
如果对容积要求不高，追求加热均匀度好、价格更低，可选旋转式；
如果需要更大的可用容量、更便于清洁，可选择平台式。",0.43697478991596633,0.4262295081967213,0.4482758620689655,0.25210084033613445
191,nova怎么读,"[""英 [&apos;nəʊvə]  美 [&apos;noʊvə] 谐音：诺瓦。""]",nova的英式发音为['nəʊvə]，美式发音为['noʊvə]，中文谐音可读作诺瓦、nou wa或者第二声的“诺娃”。,0.547945205479452,0.40816326530612246,0.8333333333333334,0.43835616438356156
192,图丽1116一代和二代区别,"[""看看到的参数对比中的区别就是，二代有对焦马达，一代没有，不知道镜片用得一样不，但都是11组13片。"", ""首先，根据我的经验，以手感和做工来说的话，图丽领先适马一个档次以上，很多时候图丽的全金属做工的镜头手感比原厂的头还好。其次11-16是一个素质非常优秀的头，现在已经出了2代有宁静马达，按说对焦又会快一些，不过广角焦段对焦都不是大问题。当然在DX画幅上即便是11-16还是超广的范畴，构图非常困难，基本以风景为主，2.8的大光圈可以在一些相对暗的场景出一些好的照片，还有就是景深的控制优势，比起F4还是明显的。最后，没有什么焦段不能拍人，但是超广会带来明显的畸变，如果你只是为了拍人，大可不必，超广是完全为了风景设计的。""]","1. 核心差异：二代搭载对焦马达，对焦更快更安静，一代无对焦马达，需机身带马达才可自动对焦；
2. 其他区别：二代外观做工更好，部分说法提及镀膜有差异；
3. 成像方面：二者镜片结构均为11组13片，实际成像差异不明显；
4. 价格：二代价格更高，一代性价比更优。",0.304635761589404,0.21495327102803738,0.5227272727272727,0.22516556291390727
193,1080p 2k 4k都有什么区别,"[""1080p能够显示的有效像素为2,073,600（1920×1080），Quad Full HD能够显示的有效像素为8,294,400（3840×2160），4K至少能提供近千万像素的显示品质，显示细腻度为1080p的4倍以上。""]","1. 分辨率和像素不同：1080p为1920×1080，约207万像素；常规2k为2560×1440，像素约是1080p的2倍；4K通常为3840×2160，像素是1080p的4倍，显示细腻度随分辨率升高而提升。
2. 观感受尺寸和片源影响：同尺寸下分辨率越高画面越精细，但小屏过高分辨率会导致内容过小伤眼；当前1080p片源充足，2k、4k播放1080p片源时整体清晰度差异不大，仅细节分别偏颗粒感和更平滑，4K片源目前相对稀少。
3. 硬件要求不同：高分辨率对显卡等硬件性能要求更高，2k游戏入门级显卡起步，4K对硬件要求更苛刻。",0.3952802359882006,0.2803347280334728,0.67,0.2713864306784661
194,北京三洋空调维修电话,"[""朝阳区：010-57732173;丰台区：010-67577092."", ""电话4008815680,手机010-5718-4056.""]",目前公开可查的北京三洋空调维修相关电话有：400-692-8528，400-881-5680，010-61763498，010-57184056，010-67959656，服务信息后续可能有变更，建议以官方最新公布的为准。,0.38016528925619836,0.23958333333333334,0.92,0.38016528925619836
195,cad剖面符号,"[""剖面标记符号，2010以上版本在功能区>注释>详图索引里面有立面，剖面符号；或者按Ctrl+3,弹出浮动面板，如果没有看到，在浮动面板的左侧窗口控制条有个菜单图标，选择“文档”立面有很多的符号，而且都是属性块。一个符号，上下左右都能指示！""]","### 绘制剖面标记符号（天正环境）：
打开符号标注，选择剖切符号，在弹出的对话框中选择需要的剖切类型，在要剖切的部分拉线后按空格即可完成绘制，剖切数字可按需修改。

### 绘制剖面线（AutoCAD环境）：
点击绘图工具栏的“图案填充”，在弹出的窗口中选择填充图案、调整角度和比例，点击“添加:拾取点”后选中要填充的区域，依次确认即可完成剖面线填充。

### 其他方式：
也可使用多段线自行绘制，或制作属性块、使用源泉建筑等插件实现。",0.2736842105263158,0.21666666666666667,0.37142857142857144,0.1824561403508772
196,类似狐狸的夏天的电视剧,"[""推荐看去年的台剧，浮士德微笑。"", ""姜潮演的电视剧版28岁未成年。"", ""举重妖精金福珠[主演yg模特]；奇怪的搭档[池昌旭]；请与废柴的我谈恋爱[深田恭子]；巧克力职人[松本润，石原里美，水原希子]；爱情雨[林允儿，张根硕]；最好的我们[狐狸同女主，男主刘昊然]；漂亮的李慧珍[迪丽热巴]。""]",电视剧版《28岁未成年》《浮士德的微笑》《亲爱的公主病》《老师晚上好》《我的奇妙男友》《杉杉来了》《最好的我们》《举重妖精金福珠》《奇怪的搭档》《请与废柴的我谈恋爱》《巧克力职人》《爱情雨》《漂亮的李慧珍》,0.5217391304347826,0.5454545454545454,0.5,0.43478260869565216
197,dell电脑关闭触控板,"[""打开“控制面板”，点击进入“鼠标”。找到“Dell 触摸板”标签，点击触摸板图片任意位置，即可进入设置页。将开关移到右边，图标变灰色后，点击保存。关闭本页。（这其中有很多设置选项，下次开启的时候可以根据个人爱好自由设置）点击“确定”即可。""]","1. 快捷键：按Fn+F3。
2. 控制面板设置：打开控制面板→进入“鼠标”选项，找到Dell触摸板相关设置，选择禁用后保存确定。
3. 设备管理器禁用：按Win+R输入“devmgmt.msc”回车，展开“鼠标和其它指针设备”，右键选中触摸板选择停用。
4. 还可在触摸板设置中勾选“连接鼠标时关闭触摸板”，实现插鼠标自动关闭触控板。",0.45344129554655865,0.39436619718309857,0.5333333333333333,0.27530364372469635
198,身份证号看性别,"[""1）前1、2位数字表示：所在省份的代码； （2）第3、4位数字表示：所在城市的代码； （3）第5、6位数字表示：所在区县的代码； （4）第7~14位数字表示：出生年、月、日； （5）第15、16位数字表示：所在地的派出所的代码； （6）第17位数字表示性别：奇数表示男性，偶数表示女性； （7）第18位数字是校检码：也有的说是个人信息码，一般是随计算机的随机产生， 用来检验身份证的正确性。校检码可以是0~9的数字，有时也用x表示。"", ""从身份证号码中分辨男女的方法：身份证号码的倒数第二位是奇数的为男性，偶数的为女性。居民身份证号码，根据〖中华人民共和国国家标准 GB 11643-1999〗中有关公民身份号码的规定，公民身份号码是特征组合码，由十七位数字本体码和一位数字校验码组成。排列顺序从左至右依次为：六位数字地址码，八位数字出生日期码，三位数字顺序码和一位数字校验码。 居民身份证是国家法定的证明公民个人身份的有效证件。顺序码：（身份证号码第十五位到十七位）地址码所标识的区域范围内，对同年、月、日出生的人员编定的顺序号。其中第十七位奇数分给男性，偶数分给女性。"", ""一、分析身份证号码。其实，身份证号码与一个人的性别、出生年月、籍贯等信息是紧密相连的，无论是15位还是18位的身份证号码，其中都保存了相关的个人信息。15位身份证号码：第7、8位为出生年份(两位数)，第9、10位为出生月份，第11、12位代表出生日期，第15位代表性别，奇数为男，偶数为女。18位身份证号码：第7、8、9、10位为出生年份(四位数)，第11、第12位为出生月份，第13、14位代表出生日期，第17位代表性别，奇数为男，偶数为女。""]",18位身份证看第17位，15位身份证看第15位，奇数为男性，偶数为女性。,0.27272727272727276,0.9375,0.1595744680851064,0.23636363636363636
199,国家为什么不打击捷信,"[""双方认可约定利息并自愿偿还的，法院不干涉。"", ""用不着打击。""]",捷信是经银监会批准设立的首批四家试点消费金融公司之一，依法成立，合规开展业务，且借贷双方约定的利息若为自愿认可并偿还的，法院不干涉。若其产品或服务侵犯消费者合法权益，消费者可向相关部门举报或直接向人民法院起诉。,0.3247863247863248,0.19387755102040816,1.0,0.2735042735042735
200,增员口号,"[""1、抱团打天下、合力铸辉煌。2、成功看得见，行动是关键。3、憋足一口气，拧成一股绳，共圆一个梦。4、价值最大化，利益最大化，能力最大化，事业长远化。5、人多力量大，心齐定天下。6、做期交，增好员“XXXX”争英雄。7、一等二靠三落空，一想二干三成功。8、意气风发一时起，持续奋斗双梦成。9、心中有梦想，发展起风暴。10、谁英雄，谁好汉，“XXXX”比比看。"", ""1、增员无师父，耐心就可以。2、寿险生命的意义在增员。3、有员千里来相助，育组育处常青树。4、月月增六员，经营万万年。5、能增员，业绩好；有组织，寿命长。6、主动增员则胜，被动增员则败。7、饮水思源，薪火相传。8、欲知过去因（组织），就看现在果（业绩）；欲知未来果（业绩），就看现在因（组织）。9、有“心”就有“新”，有“新”就有“薪”10、有木才有材，有人才有财；育才如增财，育才如置产。"", ""1、增员不是责任，是生存之道。2、寿险生命的意义在增员。3、人多力量大，心齐定天下。4、做期交，增好员，“xxxx”争英雄。5、增组是营业单位经营的根基。6、销售拼士气，增员靠风气。7、一等二靠三落空，一想二干三成功。8、谁英雄，谁好汉，“xxxx”比比看。9、务本组织，务实举绩。10、小成功靠自己，大成功靠群体。""]","以下是部分增员口号：
1. 抱团打天下、合力铸辉煌。
2. 成功看得见，行动是关键。
3. 人多力量大，心齐定天下。
4. 不怕增员难，就怕不增员。
5. 增员增业绩，增员增效益。
6. 今日不为增员作努力，明日必为业绩掉眼泪。
7. 有员才有援，有为才有位。
8. 众人拾柴火焰高，团队奋斗有依靠。
9. 牵手增员，相约成功。
10. 寿险生命的意义在增员。",0.3941605839416058,0.4153846153846154,0.375,0.31386861313868614
,,,,0.37104198671531646,0.35817583366706107,0.5326337365777034,0.2736472709520807
